 FASTWEB-fd6deP ,-51 WOW FI - FASTWEB ,-52 Vodafone-WiFi ,-64 INCENTIVE ,-71 D-Link-EAAFB1 ,-86

 WOW FI - FASTWEB ,-61 FASTWEB-fd6deP ,-62 Vodafone-WiFi ,-72

 FASTWEB-fd6deP ,-54 WOW FI - FASTWEB ,-57 Vodafone-WiFi ,-67

 WOW FI - FASTWEB ,-62 FASTWEB-fd6deP ,-63 Vodafone-WiFi ,-68 INCENTIVE ,-80

 WOW FI - FASTWEB ,-57 FASTWEB-fd6deP ,-57 Vodafone-WiFi ,-70 INCENTIVE ,-72

 WOW FI - FASTWEB ,-56 FASTWEB-fd6deP ,-57 Vodafone-WiFi ,-62 INCENTIVE ,-82

 FASTWEB-fd6deP ,-51 WOW FI - FASTWEB ,-53 Vodafone-WiFi ,-63 D-Link-EAAFB1 ,-80

 WOW FI - FASTWEB ,-57 FASTWEB-fd6deP ,-57 Vodafone-WiFi ,-58 D-Link-EAAFB1 ,-81 INCENTIVE ,-81

 FASTWEB-fd6deP ,-59 WOW FI - FASTWEB ,-60 Vodafone-WiFi ,-67 INCENTIVE ,-88

 WOW FI - FASTWEB ,-56 FASTWEB-fd6deP ,-56 Vodafone-WiFi ,-64 INCENTIVE ,-81

 FASTWEB-fd6deP ,-61 Vodafone-WiFi ,-61 WOW FI - FASTWEB ,-62 INCENTIVE ,-87 D-Link-EAAFB1 ,-93

 WOW FI - FASTWEB ,-56 FASTWEB-fd6deP ,-56 Vodafone-WiFi ,-65 INCENTIVE ,-79 D-Link-EAAFB1 ,-87

 WOW FI - FASTWEB ,-59 FASTWEB-fd6deP ,-59 Vodafone-WiFi ,-69 INCENTIVE ,-91

 WOW FI - FASTWEB ,-59 FASTWEB-fd6deP ,-60 Vodafone-WiFi ,-73 INCENTIVE ,-82

 FASTWEB-fd6deP ,-59 WOW FI - FASTWEB ,-60 Vodafone-WiFi ,-67

 WOW FI - FASTWEB ,-61 FASTWEB-fd6deP ,-64 Vodafone-WiFi ,-71 INCENTIVE ,-81

 WOW FI - FASTWEB ,-60 FASTWEB-fd6deP ,-60 Vodafone-WiFi ,-66 D-Link-EAAFB1 ,-86 INCENTIVE ,-89

 WOW FI - FASTWEB ,-62 FASTWEB-fd6deP ,-62 Vodafone-WiFi ,-62 D-Link-EAAFB1 ,-85 INCENTIVE ,-86

 Vodafone-WiFi ,-60 WOW FI - FASTWEB ,-61 FASTWEB-fd6deP ,-61 INCENTIVE ,-87 D-Link-EAAFB1 ,-92

 Vodafone-WiFi ,-56 FASTWEB-fd6deP ,-60 WOW FI - FASTWEB ,-61 D-Link-EAAFB1 ,-77 INCENTIVE ,-79

 Vodafone-WiFi ,-56 WOW FI - FASTWEB ,-61 FASTWEB-fd6deP ,-61 D-Link-EAAFB1 ,-71 INCENTIVE ,-80

 Vodafone-WiFi ,-57 WOW FI - FASTWEB ,-62 FASTWEB-fd6deP ,-63 D-Link-EAAFB1 ,-70 INCENTIVE ,-78

 WOW FI - FASTWEB ,-58 Vodafone-WiFi ,-58 FASTWEB-fd6deP ,-60 D-Link-EAAFB1 ,-71 INCENTIVE ,-80

 Vodafone-WiFi ,-56 WOW FI - FASTWEB ,-60 FASTWEB-fd6deP ,-60 D-Link-EAAFB1 ,-69 INCENTIVE ,-79
