 FASTWEB-fd6deP ,-51 WOW FI - FASTWEB ,-52 Vodafone-WiFi ,-59

 WOW FI - FASTWEB ,-60 FASTWEB-fd6deP ,-62 Vodafone-WiFi ,-68 INCENTIVE ,-77

 WOW FI - FASTWEB ,-55 FASTWEB-fd6deP ,-56 Vodafone-WiFi ,-67 INCENTIVE ,-85

 FASTWEB-fd6deP ,-60 WOW FI - FASTWEB ,-60 Vodafone-WiFi ,-61 INCENTIVE ,-83 D-Link-EAAFB1 ,-88

 FASTWEB-fd6deP ,-57 WOW FI - FASTWEB ,-57 Vodafone-WiFi ,-62 D-Link-EAAFB1 ,-78 INCENTIVE ,-87

 WOW FI - FASTWEB ,-57 Vodafone-WiFi ,-58 FASTWEB-fd6deP ,-59 D-Link-EAAFB1 ,-80 INCENTIVE ,-81

 FASTWEB-fd6deP ,-63 WOW FI - FASTWEB ,-63 Vodafone-WiFi ,-64 INCENTIVE ,-71 D-Link-EAAFB1 ,-81

 FASTWEB-fd6deP ,-60 WOW FI - FASTWEB ,-60 Vodafone-WiFi ,-64 D-Link-EAAFB1 ,-71 INCENTIVE ,-79

 FASTWEB-fd6deP ,-58 WOW FI - FASTWEB ,-59 Vodafone-WiFi ,-66 INCENTIVE ,-78 D-Link-EAAFB1 ,-81

 WOW FI - FASTWEB ,-60 FASTWEB-fd6deP ,-61 Vodafone-WiFi ,-72 INCENTIVE ,-82
