[TIM_MF920V_97FE ,-62 FASTWEB-fd6deP ,-67 FASTWEB-fd6deP ,-70 WOW FI - FASTWEB ,-70 D-Link-EAAFB1 ,-73 Vodafone-A52863616 ,-74 Vodafone-WiFi ,-77 BO203AP76 ,-78 ginger ,-79 TIM-67974780 ,-81 DIRECT-47-HP DeskJet 3630 series ,-81 TIM-67974780 ,-81  ,-82 D-Link-EAAFB1 ,-85 INCENTIVE ,-86 Grillandia ,-87 Hotel Palace ,-88 FASTWEB-D609F3 ,-89 Vodafone-A52863616 ,-90 Vodafone-WiFi ,-91]

[TIM_MF920V_97FE ,-60 D-Link-EAAFB1 ,-68 FASTWEB-fd6deP ,-69 WOW FI - FASTWEB ,-70 Vodafone-WiFi ,-71 Vodafone-A52863616 ,-75 INCENTIVE ,-76 FASTWEB-fd6deP ,-77 TIM-67974780 ,-77 DIRECT-47-HP DeskJet 3630 series ,-79 TIM-67974780 ,-80  ,-80 ginger ,-81 FASTWEB-H6D6XP ,-82 WOW FI - FASTWEB ,-85 Vodafone-A52863616 ,-87 Vodafone-WiFi ,-87 Vodafone-WiFi ,-87 Vodafone-A81207485 ,-87 D-Link-EAAFB1 ,-87 Vodafone-A44530233 ,-88 Vodafone-WiFi ,-88 BO203AP76 ,-88 FASTWEB-UQIEC5 ,-90]

[TIM_MF920V_97FE ,-63 FASTWEB-fd6deP ,-66 WOW FI - FASTWEB ,-66 D-Link-EAAFB1 ,-73 Vodafone-WiFi ,-73 ginger ,-76 FASTWEB-fd6deP ,-77 Vodafone-A52863616 ,-78 TIM-67974780 ,-79 DIRECT-47-HP DeskJet 3630 series ,-82 TIM-67974780 ,-82  ,-82 Grillandia ,-83 Vodafone-WiFi ,-84 Vodafone-A44530233 ,-85 Vodafone-A81207485 ,-85 Vodafone-WiFi ,-86 DIRECT-BNM2070 Series ,-86 D-Link-EAAFB1 ,-87 BO203AP76 ,-87 FASTWEB-UQIEC5 ,-88 Vodafone-A52863616 ,-90 Vodafone-WiFi ,-91]

[TIM_MF920V_97FE ,-61 FASTWEB-fd6deP ,-65 WOW FI - FASTWEB ,-66 FASTWEB-fd6deP ,-69 ginger ,-70 D-Link-EAAFB1 ,-72 Vodafone-A52863616 ,-75 Vodafone-WiFi ,-75 TIM-67974780 ,-77 DIRECT-47-HP DeskJet 3630 series ,-78 TIM-18364953 ,-80 FASTWEB-NXERSM ,-81 D-Link-EAAFB1 ,-82 INCENTIVE ,-83  ,-84 TIM-67974780 ,-85 FASTWEB-UQIEC5 ,-86 Vodafone-WiFi ,-88 BO203AP76 ,-88 Vodafone-A52863616 ,-90 TIM-18364953 ,-90 FASTWEB-NXERSM ,-92]

[TIM_MF920V_97FE ,-59 FASTWEB-fd6deP ,-62 WOW FI - FASTWEB ,-68 Vodafone-WiFi ,-70 TIM-67974780 ,-72 D-Link-EAAFB1 ,-72 Vodafone-A85853855 ,-73 Vodafone-A52863616 ,-74 INCENTIVE ,-75 VodafoneOSPITI_GELATERIA_GIANNI ,-78 FASTWEB-fd6deP ,-80 DIRECT-47-HP DeskJet 3630 series ,-80 Grillandia ,-80 TIM-67974780 ,-80 BO203AP76 ,-80  ,-81 Vodafone-A44530233 ,-82 Vodafone-WiFi ,-83 TIM-18364953 ,-84 DIRECT-BNM2070 Series ,-84 D-Link-EAAFB1 ,-84 Vodafone-A52863616 ,-85 Vodafone-WiFi ,-86 FASTWEB-NXERSM ,-89  ,-89 TIM-18364953 ,-92]

[TIM_MF920V_97FE ,-62 Vodafone-WiFi ,-70 Vodafone-A52863616 ,-71 WOW FI - FASTWEB ,-72 FASTWEB-fd6deP ,-74 D-Link-EAAFB1 ,-74 ginger ,-78 FASTWEB-fd6deP ,-79 TIM-67974780 ,-79 TIM-18364953 ,-79 BO203AP76 ,-80 INCENTIVE ,-81 Linkem_9329ED ,-81 TIM-67974780 ,-82 18Tickets ,-82  ,-83 Grillandia ,-85 Vodafone-A52863616 ,-87 Vodafone-WiFi ,-88 FASTWEB-1-BB0FC5 ,-89 FASTWEB-UQIEC5 ,-90 FASTWEB-NXERSM ,-90]

[TIM_MF920V_97FE ,-63 FASTWEB-fd6deP ,-65 FASTWEB-NXERSM ,-72 WOW FI - FASTWEB ,-72 TIM-67974780 ,-75 FASTWEB-fd6deP ,-77 Vodafone-A52863616 ,-78 Vodafone-WiFi ,-78 TIM-67974780 ,-80  ,-80 DIRECT-47-HP DeskJet 3630 series ,-81 ginger ,-83 Vodafone-A81207485 ,-86 D-Link-EAAFB1 ,-86 BO203AP76 ,-86 Vodafone-WiFi ,-88 FASTWEB-1-BB0FC5 ,-88 DIRECT-BNM2070 Series ,-88  ,-90 FASTWEB-NXERSM ,-92]

[FASTWEB-fd6deP ,-59 WOW FI - FASTWEB ,-66 TIM-67974780 ,-68 INCENTIVE ,-71 FASTWEB-fd6deP ,-73 Vodafone-A52863616 ,-73 Vodafone-WiFi ,-74 ginger ,-80 Vodafone-A85853855 ,-80 D-Link-EAAFB1 ,-82 TIM-67974780 ,-83  ,-83 BO203AP76 ,-83 Vodafone-WiFi ,-84 Vodafone-A81207485 ,-85 D-Link-EAAFB1 ,-86 FASTWEB-NXERSM ,-87 TIM-18364953 ,-90 FASTWEB-1-BB0FC5 ,-90 Grillandia ,-91  ,-92]

[TIM_MF920V_97FE ,-61 WOW FI - FASTWEB ,-70 FASTWEB-fd6deP ,-71 Vodafone-WiFi ,-73 Vodafone-A52863616 ,-74 D-Link-EAAFB1 ,-75 FASTWEB-NXERSM ,-75 WOW FI - FASTWEB ,-75 FASTWEB-fd6deP ,-76 INCENTIVE ,-76 TIM-67974780 ,-76 ginger ,-78 TIM-67974780 ,-79  ,-79 BO203AP76 ,-84 Vodafone-WiFi ,-86 Vodafone-A81207485 ,-86 D-Link-EAAFB1 ,-88 Wind3HUB296680 ,-89 Vodafone-A52863616 ,-90 FASTWEB-UQIEC5 ,-91 FASTWEB-NXERSM ,-91 Vodafone-WiFi ,-92  ,-92]

[TIM_MF920V_97FE ,-60 FASTWEB-fd6deP ,-64 FASTWEB-fd6deP ,-65 WOW FI - FASTWEB ,-66 D-Link-EAAFB1 ,-66 Vodafone-A52863616 ,-71 Vodafone-WiFi ,-71 TIM-67974780 ,-76 FASTWEB-UQIEC5 ,-77 FASTWEB-NXERSM ,-78 WOW FI - FASTWEB ,-79 TIM-67974780 ,-81 DIRECT-47-HP DeskJet 3630 series ,-82  ,-82 BO203AP76 ,-83 ginger ,-84 Grillandia ,-84 D-Link-EAAFB1 ,-85 Hotel Palace ,-85 FASTWEB-1-BB0FC5 ,-87 Vodafone-WiFi ,-89 FASTWEB-H6D6XP ,-89 Vodafone-A81207485 ,-89 FASTWEB-D609F3 ,-89 Vodafone-A52863616 ,-90 Vodafone-WiFi ,-91]

[FASTWEB-fd6deP ,-57 TIM_MF920V_97FE ,-58 WOW FI - FASTWEB ,-60 Vodafone-WiFi ,-67 FASTWEB-fd6deP ,-70 D-Link-EAAFB1 ,-70 DIRECT-47-HP DeskJet 3630 series ,-72 ginger ,-76 TIM-67974780 ,-76 Vodafone-A52863616 ,-77 TIM-67974780 ,-80  ,-80 Wind3HUB296680 ,-82 INCENTIVE ,-84 FASTWEB-UQIEC5 ,-87 Grillandia ,-87 D-Link-EAAFB1 ,-87 FASTWEB-1-BB0FC5 ,-88 Vodafone-A52863616 ,-89 BO203AP76 ,-89 Vodafone-WiFi ,-90]

[TIM_MF920V_97FE ,-62 FASTWEB-fd6deP ,-64 WOW FI - FASTWEB ,-64 FASTWEB-fd6deP ,-71 INCENTIVE ,-73 Vodafone-WiFi ,-73 Vodafone-A52863616 ,-74 D-Link-EAAFB1 ,-75 TIM-67974780 ,-77 TIM-67974780 ,-79  ,-79 FASTWEB-UQIEC5 ,-83 ginger ,-83 Grillandia ,-83 Linkem_9329ED ,-87 DIRECT-47-HP DeskJet 3630 series ,-89 Vodafone-A52863616 ,-92 Vodafone-WiFi ,-92]

[WOW FI - FASTWEB ,-60 FASTWEB-fd6deP ,-61 FASTWEB-fd6deP ,-63 TIM_MF920V_97FE ,-68 TIM-67974780 ,-77  ,-77 WOW FI - FASTWEB ,-77 FASTWEB-DAC4BD ,-77 INCENTIVE ,-79 Vodafone-A52863616 ,-79 Vodafone-WiFi ,-79 TIM-67974780 ,-80 Vodafone-WiFi ,-80 Vodafone-A44530233 ,-83 DIRECT-47-HP DeskJet 3630 series ,-84 Grillandia ,-84 D-Link-EAAFB1 ,-85 D-Link-EAAFB1 ,-88 FASTWEB-H6D6XP ,-89 Vodafone-A52863616 ,-90 Vodafone-WiFi ,-90]

[FASTWEB-fd6deP ,-48 WOW FI - FASTWEB ,-48 FASTWEB-fd6deP ,-57 INCENTIVE ,-69 TIM-67974780 ,-69 TIM-67974780 ,-70  ,-70 TIM_MF920V_97FE ,-70 Vodafone-A52863616 ,-71 Vodafone-WiFi ,-71 WOW FI - FASTWEB ,-77 FASTWEB-DAC4BD ,-77 DIRECT-47-HP DeskJet 3630 series ,-78 Grillandia ,-82 ginger ,-84 D-Link-EAAFB1 ,-87 Vodafone-WiFi ,-88 FASTWEB-H6D6XP ,-88 Vodafone-WiFi ,-89 DIRECT-BNM2070 Series ,-90 FASTWEB-DAC4BD ,-90 Vodafone-A44530233 ,-91 FC_guest ,-94]

[FASTWEB-fd6deP ,-54 WOW FI - FASTWEB ,-56 TIM_MF920V_97FE ,-66 Vodafone-A52863616 ,-68 Vodafone-WiFi ,-68 FASTWEB-fd6deP ,-71 D-Link-EAAFB1 ,-71 ginger ,-76 INCENTIVE ,-77 Grillandia ,-77 TIM-67974780 ,-79  ,-79 TIM-67974780 ,-80 Vodafone-A81207485 ,-80 DIRECT-47-HP DeskJet 3630 series ,-81 D-Link-EAAFB1 ,-84 Vodafone-A52863616 ,-85 DIRECT-BNM2070 Series ,-85 BO203AP76 ,-86 Vodafone-WiFi ,-87 FASTWEB-DAC4BD ,-88 TIM-18364953 ,-88 FASTWEB-NXERSM ,-89 Vodafone-WiFi ,-90]

[FASTWEB-fd6deP ,-56 WOW FI - FASTWEB ,-57 TIM_MF920V_97FE ,-62 FASTWEB-fd6deP ,-67 Vodafone-A52863616 ,-69 Vodafone-WiFi ,-69 ginger ,-72 D-Link-EAAFB1 ,-72 INCENTIVE ,-76 TIM-67974780 ,-78 Grillandia ,-85  ,-86 D-Link-EAAFB1 ,-86 BO203AP76 ,-86 WOW FI - FASTWEB ,-86 TIM-67974780 ,-87 Vodafone-WiFi ,-87 TIM-18364953 ,-87 Vodafone-A52863616 ,-88 Vodafone-WiFi ,-88 Vodafone-A81207485 ,-88 FASTWEB-NXERSM ,-88  ,-88]

[FASTWEB-fd6deP ,-56 WOW FI - FASTWEB ,-57 TIM_MF920V_97FE ,-62 FASTWEB-fd6deP ,-67 Vodafone-A52863616 ,-69 Vodafone-WiFi ,-69 ginger ,-72 D-Link-EAAFB1 ,-72 INCENTIVE ,-76 TIM-67974780 ,-78 Grillandia ,-85  ,-86 D-Link-EAAFB1 ,-86 BO203AP76 ,-86 WOW FI - FASTWEB ,-86 TIM-67974780 ,-87 Vodafone-WiFi ,-87 TIM-18364953 ,-87 Vodafone-A52863616 ,-88 Vodafone-WiFi ,-88 Vodafone-A81207485 ,-88 FASTWEB-NXERSM ,-88  ,-88]

[FASTWEB-fd6deP ,-50 WOW FI - FASTWEB ,-50 FASTWEB-fd6deP ,-63 TIM-67974780 ,-67 INCENTIVE ,-68 Vodafone-A52863616 ,-71 Vodafone-WiFi ,-71 TIM_MF920V_97FE ,-75 D-Link-EAAFB1 ,-77 FASTWEB-DAC4BD ,-77 WOW FI - FASTWEB ,-78 DIRECT-47-HP DeskJet 3630 series ,-79 WOW FI - FASTWEB ,-80 Grillandia ,-81 FASTWEB-H6D6XP ,-83 ginger ,-85 TIM-67974780 ,-85  ,-85 Vodafone-WiFi ,-85 Vodafone-A44530233 ,-86 D-Link-EAAFB1 ,-87 TIM-20476953 ,-87 BO203AP76 ,-88 Vodafone-A81207485 ,-89 FASTWEB-UQIEC5 ,-91 FASTWEB-H6D6XP ,-91 Hotel Palace ,-92 TIM-18364953 ,-93]

[TIM_MF920V_97FE ,-64 FASTWEB-fd6deP ,-73 TIM-67974780 ,-73 WOW FI - FASTWEB ,-73 ginger ,-75 Vodafone-A52863616 ,-75 Vodafone-WiFi ,-75 INCENTIVE ,-78 D-Link-EAAFB1 ,-78 FASTWEB-fd6deP ,-82 TIM-67974780 ,-84  ,-84 Grillandia ,-86 D-Link-EAAFB1 ,-86 Vodafone-A52863616 ,-88 Hotel Palace ,-88 DIRECT-47-HP DeskJet 3630 series ,-89 FASTWEB-NXERSM ,-89 Hotel Palace ,-90]

[FASTWEB-fd6deP ,-61 WOW FI - FASTWEB ,-62 TIM_MF920V_97FE ,-66 D-Link-EAAFB1 ,-68 FASTWEB-fd6deP ,-73 Vodafone-A52863616 ,-73 INCENTIVE ,-76 TIM-67974780 ,-76 Vodafone-WiFi ,-76 TIM-67974780 ,-78  ,-78 Vodafone-A44530233 ,-80 ginger ,-81 Vodafone-WiFi ,-81 DIRECT-47-HP DeskJet 3630 series ,-83 D-Link-EAAFB1 ,-83 Grillandia ,-84 BO203AP76 ,-87 Vodafone-A52863616 ,-88 Vodafone-WiFi ,-88 FASTWEB-1-BB0FC5 ,-91]

[TIM_MF920V_97FE ,-58 WOW FI - FASTWEB ,-65 FASTWEB-fd6deP ,-66 D-Link-EAAFB1 ,-67 Vodafone-A52863616 ,-69 Vodafone-WiFi ,-69 TIM-67974780 ,-72 FASTWEB-fd6deP ,-74 INCENTIVE ,-79 DIRECT-47-HP DeskJet 3630 series ,-81  ,-81 TIM-18364953 ,-81 TIM-67974780 ,-83 Grillandia ,-84 D-Link-EAAFB1 ,-84 Vodafone-A85853855 ,-84 VodafoneOSPITI_GELATERIA_GIANNI ,-84 Vodafone-WiFi ,-89 Vodafone-A81207485 ,-89 TIM-18364953 ,-89 FASTWEB-E305E5 ,-92]

[TIM_MF920V_97FE ,-62 FASTWEB-fd6deP ,-63 WOW FI - FASTWEB ,-64 Vodafone-A52863616 ,-69 FASTWEB-fd6deP ,-70 D-Link-EAAFB1 ,-70 Vodafone-WiFi ,-70 INCENTIVE ,-73 TIM-67974780 ,-73 FASTWEB-UQIEC5 ,-76 VodafoneOSPITI_GELATERIA_GIANNI ,-76 Vodafone-A85853855 ,-78 D-Link-EAAFB1 ,-79 ginger ,-80 Grillandia ,-81 TIM-67974780 ,-83 TIM-18364953 ,-83  ,-84 Vodafone-WiFi ,-87 Vodafone-A52863616 ,-88 BO203AP76 ,-88 TIM-18364953 ,-88 FASTWEB-NXERSM ,-88  ,-88]

[FASTWEB-fd6deP ,-54 WOW FI - FASTWEB ,-56 TIM_MF920V_97FE ,-66 Vodafone-A52863616 ,-68 Vodafone-WiFi ,-68 FASTWEB-fd6deP ,-71 D-Link-EAAFB1 ,-71 ginger ,-76 INCENTIVE ,-77 Grillandia ,-77 TIM-67974780 ,-79  ,-79 TIM-67974780 ,-80 Vodafone-A81207485 ,-80 DIRECT-47-HP DeskJet 3630 series ,-81 D-Link-EAAFB1 ,-84 Vodafone-A52863616 ,-85 DIRECT-BNM2070 Series ,-85 BO203AP76 ,-86 Vodafone-WiFi ,-87 FASTWEB-DAC4BD ,-88 TIM-18364953 ,-88 FASTWEB-NXERSM ,-89 Vodafone-WiFi ,-90]
