[TIM_MF920V_97FE ,-65 WOW FI - FASTWEB ,-67 FASTWEB-fd6deP ,-68 Vodafone-WiFi ,-71 Vodafone-A52863616 ,-72 TIM-67974780 ,-78  ,-78 ginger ,-79 FASTWEB-fd6deP ,-80 D-Link-EAAFB1 ,-81 TIM-67974780 ,-84 Hotel Palace ,-86 INCENTIVE ,-87 18Tickets ,-87 Grillandia ,-88 WOW FI - FASTWEB ,-88 Vodafone-A81207485 ,-88 DIRECT-47-HP DeskJet 3630 series ,-90 FRITZ!Box 7590 LA ,-90 Vodafone-WiFi ,-90 WOW FI - FASTWEB ,-91 WOW FI - FASTWEB ,-94 FASTWEB-DAC4BD ,-94 Vodafone-WiFi ,-95]

[FASTWEB-fd6deP ,-49 WOW FI - FASTWEB ,-49 FASTWEB-fd6deP ,-53 INCENTIVE ,-71 D-Link-EAAFB1 ,-71 TIM-67974780 ,-72 TIM-67974780 ,-73 TIM_MF920V_97FE ,-74  ,-74 FASTWEB-DAC4BD ,-75 WOW FI - FASTWEB ,-75 DIRECT-47-HP DeskJet 3630 series ,-75 WOW FI - FASTWEB ,-77 FASTWEB-H6D6XP ,-79 Grillandia ,-79 D-Link-EAAFB1 ,-80 ginger ,-81 Vodafone-WiFi ,-84 Vodafone-A52863616 ,-84 Vodafone-A81207485 ,-88 Vodafone-A44530233 ,-89 FASTWEB-H6D6XP ,-89 FASTWEB-DAC4BD ,-89 Hotel Palace ,-91 TIM-20476953 ,-93]

[FASTWEB-fd6deP ,-48 WOW FI - FASTWEB ,-49 FASTWEB-fd6deP ,-55 TIM-67974780 ,-67 FASTWEB-H6D6XP ,-67 WOW FI - FASTWEB ,-67 DIRECT-47-HP DeskJet 3630 series ,-71 INCENTIVE ,-72 FASTWEB-DAC4BD ,-74 WOW FI - FASTWEB ,-74 D-Link-EAAFB1 ,-75 Grillandia ,-78 FASTWEB-DAC4BD ,-78 Vodafone-WiFi ,-78 Vodafone-WiFi ,-81 Vodafone-A52863616 ,-81 TIM-67974780 ,-81  ,-82 Vodafone-A81207485 ,-84 Vodafone-WiFi ,-84 ginger ,-85 FASTWEB-H6D6XP ,-87 D-Link-EAAFB1 ,-89  ,-89 FC_guest ,-92]

[FASTWEB-fd6deP ,-43 WOW FI - FASTWEB ,-43 FASTWEB-fd6deP ,-52 FASTWEB-DAC4BD ,-67 INCENTIVE ,-67 WOW FI - FASTWEB ,-68 WOW FI - FASTWEB ,-71 FASTWEB-H6D6XP ,-72 D-Link-EAAFB1 ,-75 DIRECT-47-HP DeskJet 3630 series ,-76 Vodafone-WiFi ,-77 FASTWEB-DAC4BD ,-78 Vodafone-A52863616 ,-79 FASTWEB-H6D6XP ,-82 Grillandia ,-82 Vodafone-WiFi ,-82 Vodafone-A44530233 ,-83 TIM-67974780 ,-83  ,-83 Vodafone-A81207485 ,-86  ,-88 D-Link-EAAFB1 ,-89 TIM-20476953 ,-91 Vodafone-A38456653 ,-92 FASTWEB-UQIEC5 ,-94]

[FASTWEB-fd6deP ,-45 WOW FI - FASTWEB ,-46 FASTWEB-fd6deP ,-55 INCENTIVE ,-62 FASTWEB-H6D6XP ,-72 Vodafone-A52863616 ,-72 WOW FI - FASTWEB ,-73 DIRECT-47-HP DeskJet 3630 series ,-74 FASTWEB-DAC4BD ,-75 TIM_MF920V_97FE ,-76 D-Link-EAAFB1 ,-79 FASTWEB-H6D6XP ,-79 Grillandia ,-79 WOW FI - FASTWEB ,-80 Vodafone-WiFi ,-80 FASTWEB-DAC4BD ,-81 TIM-67974780 ,-81  ,-81 TIM-67974780 ,-83 TIM-18214383 ,-85 Vodafone-A81207485 ,-88 WOW FI - FASTWEB ,-88 Vodafone-A44530233 ,-88 Vodafone-WiFi ,-88 ginger ,-89 D-Link-EAAFB1 ,-89 Vodafone-WiFi ,-89 FASTWEB-UQIEC5 ,-94]

[FASTWEB-fd6deP ,-47 WOW FI - FASTWEB ,-48 FASTWEB-fd6deP ,-50 FASTWEB-DAC4BD ,-69 WOW FI - FASTWEB ,-70 INCENTIVE ,-72 FASTWEB-H6D6XP ,-75 DIRECT-47-HP DeskJet 3630 series ,-76 FASTWEB-H6D6XP ,-76 WOW FI - FASTWEB ,-76 FASTWEB-DAC4BD ,-77 D-Link-EAAFB1 ,-80 Grillandia ,-84 TIM-67974780 ,-84  ,-84  ,-84 Vodafone-A52863616 ,-87 Vodafone-A44530233 ,-88 Vodafone-WiFi ,-88 Vodafone-A44530233 ,-88 Vodafone-WiFi ,-88 Vodafone-WiFi ,-89 Vodafone-WiFi ,-90 Vodafone-A81207485 ,-91]

[FASTWEB-fd6deP ,-38 WOW FI - FASTWEB ,-39 FASTWEB-fd6deP ,-47 FASTWEB-DAC4BD ,-64 WOW FI - FASTWEB ,-65 WOW FI - FASTWEB ,-67 FASTWEB-H6D6XP ,-69 FASTWEB-DAC4BD ,-72 INCENTIVE ,-75 DIRECT-47-HP DeskJet 3630 series ,-77 Grillandia ,-78 TIM_MF920V_97FE ,-81 D-Link-EAAFB1 ,-82  ,-82 FASTWEB-H6D6XP ,-83 TIM-67974780 ,-84 Vodafone-A44530233 ,-86 Vodafone-WiFi ,-86 TIM-67974780 ,-87  ,-88 Vodafone-A44530233 ,-88 Vodafone-WiFi ,-88 WOW FI - FASTWEB ,-88 FC_guest ,-89]

[FASTWEB-fd6deP ,-48 WOW FI - FASTWEB ,-48 FASTWEB-fd6deP ,-54 FASTWEB-DAC4BD ,-67 INCENTIVE ,-67 WOW FI - FASTWEB ,-68 Vodafone-WiFi ,-72 FASTWEB-DAC4BD ,-74  ,-79 TIM-67974780 ,-80 DIRECT-47-HP DeskJet 3630 series ,-81 FASTWEB-H6D6XP ,-81 WOW FI - FASTWEB ,-81 Grillandia ,-81 TIM_MF920V_97FE ,-82 FASTWEB-H6D6XP ,-84 Vodafone-A44530233 ,-86 Vodafone-A52863616 ,-88 Vodafone-A81207485 ,-88  ,-88 Vodafone-WiFi ,-88 Vodafone-A44530233 ,-88 Vodafone-WiFi ,-88 TIM-67974780 ,-89 Vodafone-WiFi ,-89 WOW FI - FASTWEB ,-92 STUDIOMASTRANDREA ,-93]

[FASTWEB-fd6deP ,-41 WOW FI - FASTWEB ,-41 FASTWEB-fd6deP ,-50 FASTWEB-DAC4BD ,-64 WOW FI - FASTWEB ,-64 Vodafone-A44530233 ,-73 Vodafone-WiFi ,-73 FASTWEB-H6D6XP ,-74 WOW FI - FASTWEB ,-74 DIRECT-47-HP DeskJet 3630 series ,-77 FASTWEB-DAC4BD ,-77 FASTWEB-H6D6XP ,-78 INCENTIVE ,-81 D-Link-EAAFB1 ,-81 Grillandia ,-83  ,-83 Vodafone-WiFi ,-85 Vodafone-A52863616 ,-86 Vodafone-A44530233 ,-86 TIM-67974780 ,-87  ,-87 FC_guest ,-88 Vodafone-WiFi ,-88 WOW FI - FASTWEB ,-88 Vodafone-WiFi ,-89 TIM-18214383 ,-92]

[FASTWEB-fd6deP ,-48 WOW FI - FASTWEB ,-48 FASTWEB-fd6deP ,-51 WOW FI - FASTWEB ,-69 FASTWEB-DAC4BD ,-71 INCENTIVE ,-72 FASTWEB-H6D6XP ,-74 WOW FI - FASTWEB ,-74 FASTWEB-DAC4BD ,-74 TIM-67974780 ,-75 Vodafone-A44530233 ,-78 DIRECT-47-HP DeskJet 3630 series ,-78 Vodafone-WiFi ,-79  ,-81 TIM_MF920V_97FE ,-83 Vodafone-A81207485 ,-83 Grillandia ,-84 Vodafone-WiFi ,-84 FASTWEB-H6D6XP ,-86 FC_guest ,-88 Vodafone-A44530233 ,-88 D-Link-EAAFB1 ,-89 Vodafone-A52863616 ,-90 Vodafone-WiFi ,-91]

[FASTWEB-fd6deP ,-40 WOW FI - FASTWEB ,-41 FASTWEB-fd6deP ,-47 FASTWEB-DAC4BD ,-72 FASTWEB-H6D6XP ,-72 WOW FI - FASTWEB ,-72 WOW FI - FASTWEB ,-73 DIRECT-47-HP DeskJet 3630 series ,-75 Vodafone-A44530233 ,-76 INCENTIVE ,-78 FASTWEB-DAC4BD ,-79 TIM_MF920V_97FE ,-80 FASTWEB-H6D6XP ,-82 Grillandia ,-82 Vodafone-WiFi ,-84 Vodafone-A52863616 ,-84 Vodafone-A81207485 ,-84 Vodafone-WiFi ,-84 D-Link-EAAFB1 ,-85 TIM-67974780 ,-87  ,-87 Vodafone-WiFi ,-88 WOW FI - FASTWEB ,-88]

[FASTWEB-fd6deP ,-38 WOW FI - FASTWEB ,-38 FASTWEB-fd6deP ,-51 INCENTIVE ,-68 FASTWEB-DAC4BD ,-74 WOW FI - FASTWEB ,-74 FASTWEB-H6D6XP ,-74 WOW FI - FASTWEB ,-74 DIRECT-47-HP DeskJet 3630 series ,-77 Grillandia ,-77 D-Link-EAAFB1 ,-79 Vodafone-A44530233 ,-80 Vodafone-WiFi ,-80 FASTWEB-H6D6XP ,-81 TIM-67974780 ,-82 Vodafone-WiFi ,-82 Vodafone-A52863616 ,-82 FASTWEB-DAC4BD ,-82 Vodafone-WiFi ,-85  ,-86 Vodafone-A44530233 ,-86 TIM-67974780 ,-87 FC_guest ,-88 WOW FI - FASTWEB ,-88 Vodafone-A81207485 ,-90 Vodafone-WiFi ,-91 ginger ,-93]

[FASTWEB-fd6deP ,-44 WOW FI - FASTWEB ,-45 FASTWEB-fd6deP ,-53 TIM-67974780 ,-59 INCENTIVE ,-75 Vodafone-A44530233 ,-75 DIRECT-47-HP DeskJet 3630 series ,-76 Vodafone-WiFi ,-76 WOW FI - FASTWEB ,-79 FASTWEB-H6D6XP ,-80 TIM_MF920V_97FE ,-81 Grillandia ,-82 Vodafone-A44530233 ,-82 Vodafone-WiFi ,-83 D-Link-EAAFB1 ,-84 TIM-67974780 ,-84 FASTWEB-DAC4BD ,-85 WOW FI - FASTWEB ,-85  ,-85 FASTWEB-DAC4BD ,-86 DIRECT-BNM2070 Series ,-89 FASTWEB-UQIEC5 ,-95]

[WOW FI - FASTWEB ,-50 FASTWEB-fd6deP ,-51 FASTWEB-fd6deP ,-56 Grillandia ,-65 Vodafone-WiFi ,-67 Vodafone-A44530233 ,-68 TIM-67974780 ,-71 D-Link-EAAFB1 ,-74 DIRECT-47-HP DeskJet 3630 series ,-75 FASTWEB-H6D6XP ,-75 WOW FI - FASTWEB ,-76 INCENTIVE ,-79 Vodafone-A44530233 ,-80 Vodafone-WiFi ,-80 WOW FI - FASTWEB ,-81 FASTWEB-H6D6XP ,-81 FASTWEB-DAC4BD ,-82 Vodafone-A52863616 ,-82 TIM-67974780 ,-82 Vodafone-WiFi ,-83  ,-83 FASTWEB-DAC4BD ,-87 DIRECT-BNM2070 Series ,-87 WOW FI - FASTWEB ,-90 FC_guest ,-91 Foto Casadio ,-92 Econometrica ,-92]

[FASTWEB-fd6deP ,-50 WOW FI - FASTWEB ,-50 FASTWEB-fd6deP ,-58 FASTWEB-H6D6XP ,-73 WOW FI - FASTWEB ,-73 Grillandia ,-73 FASTWEB-DAC4BD ,-74 TIM-67974780 ,-74 WOW FI - FASTWEB ,-75 D-Link-EAAFB1 ,-75 Vodafone-A44530233 ,-76 Vodafone-WiFi ,-76 FASTWEB-DAC4BD ,-77 Vodafone-A44530233 ,-78 DIRECT-47-HP DeskJet 3630 series ,-79 Vodafone-WiFi ,-79 TIM_MF920V_97FE ,-81 FASTWEB-H6D6XP ,-82 Vodafone-A52863616 ,-82 TIM-67974780 ,-83  ,-84 Vodafone-WiFi ,-86 INCENTIVE ,-87 DIRECT-BNM2070 Series ,-89 FASTWEB-E7M3L6 ,-90 ginger ,-91 WOW FI - FASTWEB ,-91 TIM-18214383 ,-95]

[FASTWEB-fd6deP ,-37 WOW FI - FASTWEB ,-38 FASTWEB-fd6deP ,-39 INCENTIVE ,-64 WOW FI - FASTWEB ,-73 FASTWEB-H6D6XP ,-74 D-Link-EAAFB1 ,-75 FASTWEB-DAC4BD ,-77 WOW FI - FASTWEB ,-77 FASTWEB-DAC4BD ,-78 Vodafone-A44530233 ,-80 TIM-67974780 ,-81 Vodafone-A85853855 ,-81 Grillandia ,-83  ,-83 Vodafone-WiFi ,-83 DIRECT-47-HP DeskJet 3630 series ,-84 FASTWEB-H6D6XP ,-86 TIM-67974780 ,-87  ,-87 FASTWEB-E305E5 ,-88 FASTWEB-UQIEC5 ,-93]

[FASTWEB-fd6deP ,-28 WOW FI - FASTWEB ,-28 FASTWEB-fd6deP ,-33 INCENTIVE ,-64 FASTWEB-H6D6XP ,-77 WOW FI - FASTWEB ,-77 FASTWEB-DAC4BD ,-77 TIM_MF920V_97FE ,-78 DIRECT-47-HP DeskJet 3630 series ,-80 D-Link-EAAFB1 ,-80 FASTWEB-DAC4BD ,-81 WOW FI - FASTWEB ,-81 Vodafone-A44530233 ,-81 Vodafone-WiFi ,-81 TIM-67974780 ,-82 Vodafone-WiFi ,-82  ,-83 TIM-67974780 ,-84 Grillandia ,-85 FASTWEB-H6D6XP ,-86  ,-87 ginger ,-88 Hotel Palace ,-92]

[FASTWEB-fd6deP ,-45 WOW FI - FASTWEB ,-45 FASTWEB-fd6deP ,-52 INCENTIVE ,-65 TIM_MF920V_97FE ,-73 DIRECT-47-HP DeskJet 3630 series ,-75 WOW FI - FASTWEB ,-75 TIM-67974780 ,-76 FASTWEB-H6D6XP ,-76 FASTWEB-DAC4BD ,-78 FASTWEB-DAC4BD ,-80 WOW FI - FASTWEB ,-80 FASTWEB-H6D6XP ,-81 Vodafone-WiFi ,-83 Vodafone-A44530233 ,-84 Grillandia ,-84 ginger ,-84 Vodafone-35245722 ,-87 Vodafone-A81207485 ,-88  ,-89 WOW FI - FASTWEB ,-89 Vodafone-WiFi ,-91 FASTWEB-E305E5 ,-91]

[WOW FI - FASTWEB ,-39 FASTWEB-fd6deP ,-40 FASTWEB-fd6deP ,-47 INCENTIVE ,-65 Vodafone-A52863616 ,-70 DIRECT-47-HP DeskJet 3630 series ,-72 FASTWEB-DAC4BD ,-74 WOW FI - FASTWEB ,-75 FASTWEB-DAC4BD ,-78 FASTWEB-H6D6XP ,-78 WOW FI - FASTWEB ,-78 Vodafone-A44530233 ,-79 TIM-67974780 ,-79 D-Link-EAAFB1 ,-80 Vodafone-WiFi ,-80 Grillandia ,-81 FASTWEB-H6D6XP ,-84 Vodafone-WiFi ,-87 Vodafone-A81207485 ,-87 Vodafone-WiFi ,-88 Linkem_9329ED ,-88 FC_guest ,-90 WOW FI - FASTWEB ,-90 ginger ,-90 FASTWEB-UQIEC5 ,-94]

[FASTWEB-fd6deP ,-38 WOW FI - FASTWEB ,-39 FASTWEB-fd6deP ,-53 INCENTIVE ,-69 FASTWEB-H6D6XP ,-70 WOW FI - FASTWEB ,-70 FASTWEB-DAC4BD ,-74 FASTWEB-DAC4BD ,-77 DIRECT-47-HP DeskJet 3630 series ,-77 WOW FI - FASTWEB ,-78 Vodafone-A44530233 ,-79 Vodafone-WiFi ,-79 TIM-67974780 ,-81 FASTWEB-H6D6XP ,-84 Grillandia ,-84 Vodafone-WiFi ,-85 D-Link-EAAFB1 ,-88  ,-89 Vodafone-WiFi ,-89 Vodafone-A81207485 ,-89 ginger ,-92 TIM-18214383 ,-94]



































[WOW FI - FASTWEB ,-39 FASTWEB-fd6deP ,-40 FASTWEB-fd6deP ,-47 INCENTIVE ,-65 Vodafone-A52863616 ,-70 DIRECT-47-HP DeskJet 3630 series ,-72 FASTWEB-DAC4BD ,-74 WOW FI - FASTWEB ,-75 FASTWEB-DAC4BD ,-78 FASTWEB-H6D6XP ,-78 WOW FI - FASTWEB ,-78 Vodafone-A44530233 ,-79 TIM-67974780 ,-79 D-Link-EAAFB1 ,-80 Vodafone-WiFi ,-80 Grillandia ,-81 FASTWEB-H6D6XP ,-84 Vodafone-WiFi ,-87 Vodafone-A81207485 ,-87 Vodafone-WiFi ,-88 Linkem_9329ED ,-88 FC_guest ,-90 WOW FI - FASTWEB ,-90 ginger ,-90 FASTWEB-UQIEC5 ,-94]

[FASTWEB-fd6deP ,-38 WOW FI - FASTWEB ,-39 FASTWEB-fd6deP ,-53 INCENTIVE ,-69 FASTWEB-H6D6XP ,-70 WOW FI - FASTWEB ,-70 FASTWEB-DAC4BD ,-74 FASTWEB-DAC4BD ,-77 DIRECT-47-HP DeskJet 3630 series ,-77 WOW FI - FASTWEB ,-78 Vodafone-A44530233 ,-79 Vodafone-WiFi ,-79 TIM-67974780 ,-81 FASTWEB-H6D6XP ,-84 Grillandia ,-84 Vodafone-WiFi ,-85 D-Link-EAAFB1 ,-88  ,-89 Vodafone-WiFi ,-89 Vodafone-A81207485 ,-89 ginger ,-92 TIM-18214383 ,-94]
