 FASTWEB-fd6deP ,-63 WOW FI - FASTWEB ,-64 Vodafone-WiFi ,-73 INCENTIVE ,-80 D-Link-EAAFB1 ,-85

 WOW FI - FASTWEB ,-47 FASTWEB-fd6deP ,-48 INCENTIVE ,-70 Vodafone-WiFi ,-77

 FASTWEB-fd6deP ,-40 WOW FI - FASTWEB ,-41 INCENTIVE ,-65 Vodafone-WiFi ,-78

 FASTWEB-fd6deP ,-52 WOW FI - FASTWEB ,-54 INCENTIVE ,-71

 FASTWEB-fd6deP ,-41 WOW FI - FASTWEB ,-41 INCENTIVE ,-71 Vodafone-WiFi ,-81 D-Link-EAAFB1 ,-91

 FASTWEB-fd6deP ,-42 WOW FI - FASTWEB ,-44 INCENTIVE ,-74 Vodafone-WiFi ,-79

 FASTWEB-fd6deP ,-36 WOW FI - FASTWEB ,-36 INCENTIVE ,-69 Vodafone-WiFi ,-89

 FASTWEB-fd6deP ,-40 WOW FI - FASTWEB ,-41 INCENTIVE ,-75 Vodafone-WiFi ,-78

 FASTWEB-fd6deP ,-35 WOW FI - FASTWEB ,-36 INCENTIVE ,-69

 WOW FI - FASTWEB ,-51 FASTWEB-fd6deP ,-52 INCENTIVE ,-57 Vodafone-WiFi ,-82

 FASTWEB-fd6deP ,-51 WOW FI - FASTWEB ,-52 INCENTIVE ,-71

 FASTWEB-fd6deP ,-42 WOW FI - FASTWEB ,-44 INCENTIVE ,-75 Vodafone-WiFi ,-79

 FASTWEB-fd6deP ,-42 WOW FI - FASTWEB ,-42 INCENTIVE ,-80 Vodafone-WiFi ,-80 D-Link-EAAFB1 ,-91

 WOW FI - FASTWEB ,-45 FASTWEB-fd6deP ,-46 INCENTIVE ,-71

 FASTWEB-fd6deP ,-41 WOW FI - FASTWEB ,-41 INCENTIVE ,-70 Vodafone-WiFi ,-88

 FASTWEB-fd6deP ,-43 WOW FI - FASTWEB ,-43 INCENTIVE ,-59 Vodafone-WiFi ,-86

 FASTWEB-fd6deP ,-44 WOW FI - FASTWEB ,-44 INCENTIVE ,-56 Vodafone-WiFi ,-81 D-Link-EAAFB1 ,-94

 WOW FI - FASTWEB ,-48 FASTWEB-fd6deP ,-49 INCENTIVE ,-58 Vodafone-WiFi ,-88

 FASTWEB-fd6deP ,-52 WOW FI - FASTWEB ,-53 INCENTIVE ,-66 Vodafone-WiFi ,-91

 WOW FI - FASTWEB ,-41 FASTWEB-fd6deP ,-42 INCENTIVE ,-70 Vodafone-WiFi ,-87

 FASTWEB-fd6deP ,-44 WOW FI - FASTWEB ,-44 INCENTIVE ,-69 Vodafone-WiFi ,-89

 FASTWEB-fd6deP ,-49 WOW FI - FASTWEB ,-49 INCENTIVE ,-69 Vodafone-WiFi ,-76

 FASTWEB-fd6deP ,-42 WOW FI - FASTWEB ,-42 Vodafone-WiFi ,-87

 FASTWEB-fd6deP ,-42 WOW FI - FASTWEB ,-42 INCENTIVE ,-64 Vodafone-WiFi ,-85

 WOW FI - FASTWEB ,-45 FASTWEB-fd6deP ,-46 INCENTIVE ,-71












































