 INCENTIVE ,-47 Vodafone-WiFi ,-70 WOW FI - FASTWEB ,-72 FASTWEB-fd6deP ,-72 D-Link-EAAFB1 ,-73

 FASTWEB-fd6deP ,-68 Vodafone-WiFi ,-70 WOW FI - FASTWEB ,-71 INCENTIVE ,-76 D-Link-EAAFB1 ,-77

 WOW FI - FASTWEB ,-61 FASTWEB-fd6deP ,-61 Vodafone-WiFi ,-73 D-Link-EAAFB1 ,-74 INCENTIVE ,-79

 FASTWEB-fd6deP ,-66 WOW FI - FASTWEB ,-69 D-Link-EAAFB1 ,-72 Vodafone-WiFi ,-74 INCENTIVE ,-81

 WOW FI - FASTWEB ,-68 FASTWEB-fd6deP ,-69 Vodafone-WiFi ,-73 D-Link-EAAFB1 ,-73 INCENTIVE ,-80

 WOW FI - FASTWEB ,-66 FASTWEB-fd6deP ,-67 Vodafone-WiFi ,-73 D-Link-EAAFB1 ,-73 INCENTIVE ,-79

 FASTWEB-fd6deP ,-62 WOW FI - FASTWEB ,-63 D-Link-EAAFB1 ,-74 Vodafone-WiFi ,-77 INCENTIVE ,-79

 WOW FI - FASTWEB ,-61 FASTWEB-fd6deP ,-61 D-Link-EAAFB1 ,-71 INCENTIVE ,-76 Vodafone-WiFi ,-78

 WOW FI - FASTWEB ,-64 FASTWEB-fd6deP ,-64 Vodafone-WiFi ,-68 INCENTIVE ,-71 D-Link-EAAFB1 ,-79

 WOW FI - FASTWEB ,-64 FASTWEB-fd6deP ,-65 Vodafone-WiFi ,-74 INCENTIVE ,-81 D-Link-EAAFB1 ,-81

 WOW FI - FASTWEB ,-62 FASTWEB-fd6deP ,-63 Vodafone-WiFi ,-66 D-Link-EAAFB1 ,-84

 FASTWEB-fd6deP ,-63 WOW FI - FASTWEB ,-66 Vodafone-WiFi ,-70 INCENTIVE ,-77 D-Link-EAAFB1 ,-84

 FASTWEB-fd6deP ,-63 WOW FI - FASTWEB ,-65 Vodafone-WiFi ,-73 D-Link-EAAFB1 ,-75

 FASTWEB-fd6deP ,-59 WOW FI - FASTWEB ,-71 Vodafone-WiFi ,-74 D-Link-EAAFB1 ,-77

 WOW FI - FASTWEB ,-66 FASTWEB-fd6deP ,-66 D-Link-EAAFB1 ,-68 Vodafone-WiFi ,-71 INCENTIVE ,-76

 D-Link-EAAFB1 ,-56 Vodafone-WiFi ,-69 WOW FI - FASTWEB ,-74 FASTWEB-fd6deP ,-75

 FASTWEB-fd6deP ,-60 WOW FI - FASTWEB ,-63 Vodafone-WiFi ,-70 INCENTIVE ,-75 D-Link-EAAFB1 ,-88

 FASTWEB-fd6deP ,-56 WOW FI - FASTWEB ,-61 Vodafone-WiFi ,-72 INCENTIVE ,-76 D-Link-EAAFB1 ,-83

 FASTWEB-fd6deP ,-54 WOW FI - FASTWEB ,-55 D-Link-EAAFB1 ,-70 Vodafone-WiFi ,-75

 FASTWEB-fd6deP ,-54 WOW FI - FASTWEB ,-55 D-Link-EAAFB1 ,-70 Vodafone-WiFi ,-75

 FASTWEB-fd6deP ,-54 WOW FI - FASTWEB ,-55 D-Link-EAAFB1 ,-70 Vodafone-WiFi ,-75

 FASTWEB-fd6deP ,-61 WOW FI - FASTWEB ,-63 D-Link-EAAFB1 ,-68 INCENTIVE ,-71 Vodafone-WiFi ,-74

 WOW FI - FASTWEB ,-59 FASTWEB-fd6deP ,-60 INCENTIVE ,-71 Vodafone-WiFi ,-72 D-Link-EAAFB1 ,-87

 WOW FI - FASTWEB ,-54 FASTWEB-fd6deP ,-54 Vodafone-WiFi ,-67 INCENTIVE ,-74

 WOW FI - FASTWEB ,-56 FASTWEB-fd6deP ,-58 Vodafone-WiFi ,-72 INCENTIVE ,-74 D-Link-EAAFB1 ,-78

 FASTWEB-fd6deP ,-60 WOW FI - FASTWEB ,-62 Vodafone-WiFi ,-76 INCENTIVE ,-80 D-Link-EAAFB1 ,-80

