 FASTWEB-fd6deP ,-47 WOW FI - FASTWEB ,-47 FASTWEB-DAC4BD ,-67 INCENTIVE ,-69 TIM-67974780 ,-79 FASTWEB-H6D6XP ,-83 Grillandia ,-83 DIRECT-47-HP DeskJet 3630 series ,-87 Vodafone-A81207485 ,-88 Vodafone-WiFi ,-89 FC_guest ,-89  ,-89 DIRECT-78-HP M452 LaserJet ,-90

 FASTWEB-fd6deP ,-51 WOW FI - FASTWEB ,-52 FASTWEB-DAC4BD ,-68 DIRECT-47-HP DeskJet 3630 series ,-75 TIM-67974780 ,-75 INCENTIVE ,-76 FASTWEB-H6D6XP ,-77 Vodafone-WiFi ,-81  ,-82 Grillandia ,-82 D-Link-EAAFB1 ,-83 TIM-18364953 ,-94

 FASTWEB-fd6deP ,-40 WOW FI - FASTWEB ,-41 INCENTIVE ,-67 FASTWEB-DAC4BD ,-72 D-Link-EAAFB1 ,-74 DIRECT-47-HP DeskJet 3630 series ,-74 TIM-67974780 ,-74 FASTWEB-H6D6XP ,-83 Vodafone-A44530233 ,-83 Grillandia ,-84 FC_guest ,-85 Vodafone-WiFi ,-87 ginger ,-88 Vodafone-A52863616 ,-88 Vodafone-A81207485 ,-90  ,-91

 FASTWEB-fd6deP ,-47 WOW FI - FASTWEB ,-51 FASTWEB-DAC4BD ,-71 INCENTIVE ,-73 DIRECT-47-HP DeskJet 3630 series ,-76 D-Link-EAAFB1 ,-77 TIM-67974780 ,-78 FASTWEB-H6D6XP ,-82  ,-83 Vodafone-WiFi ,-86 Grillandia ,-87 Vodafone-A81207485 ,-87 Vodafone-A44530233 ,-88 FC_guest ,-91

 FASTWEB-fd6deP ,-39 WOW FI - FASTWEB ,-40 INCENTIVE ,-74 FASTWEB-DAC4BD ,-76 FASTWEB-H6D6XP ,-76 Grillandia ,-78 Vodafone-WiFi ,-78 Vodafone-A52863616 ,-79 DIRECT-47-HP DeskJet 3630 series ,-80 TIM-67974780 ,-83 Vodafone-A44530233 ,-83  ,-86 D-Link-EAAFB1 ,-87 FC_guest ,-88

 FASTWEB-fd6deP ,-47 WOW FI - FASTWEB ,-48 INCENTIVE ,-63 TIM-67974780 ,-71 FASTWEB-H6D6XP ,-73 DIRECT-47-HP DeskJet 3630 series ,-76 FASTWEB-DAC4BD ,-77 D-Link-EAAFB1 ,-80 Grillandia ,-83 ginger ,-86 Vodafone-A81207485 ,-88 Vodafone-WiFi ,-88

 FASTWEB-fd6deP ,-48 WOW FI - FASTWEB ,-48 INCENTIVE ,-62 FASTWEB-DAC4BD ,-70 DIRECT-47-HP DeskJet 3630 series ,-81 FASTWEB-H6D6XP ,-81 TIM-67974780 ,-83 Vodafone-WiFi ,-83  ,-84 Vodafone-A81207485 ,-84 Grillandia ,-85 Vodafone-A52863616 ,-85 Vodafone-A44530233 ,-86 FC_guest ,-89 ginger ,-89 D-Link-EAAFB1 ,-90 DIRECT-78-HP M452 LaserJet ,-90 Hotel Palace ,-93

 WOW FI - FASTWEB ,-48 FASTWEB-fd6deP ,-50 INCENTIVE ,-68 FASTWEB-DAC4BD ,-71 TIM-67974780 ,-75 FASTWEB-H6D6XP ,-76 DIRECT-47-HP DeskJet 3630 series ,-81 Vodafone-WiFi ,-82 Grillandia ,-83 D-Link-EAAFB1 ,-84 Vodafone-A52863616 ,-84 FC_guest ,-87 Vodafone-A81207485 ,-89 ginger ,-89

 WOW FI - FASTWEB ,-41 FASTWEB-fd6deP ,-42 FASTWEB-H6D6XP ,-73 INCENTIVE ,-74 FASTWEB-DAC4BD ,-74 DIRECT-47-HP DeskJet 3630 series ,-76 TIM-67974780 ,-77 D-Link-EAAFB1 ,-78 Vodafone-A52863616 ,-84 Vodafone-WiFi ,-85 Grillandia ,-86  ,-89 FC_guest ,-92 TIM-18364953 ,-94

 FASTWEB-fd6deP ,-46 WOW FI - FASTWEB ,-46 INCENTIVE ,-72 TIM-67974780 ,-74 FASTWEB-H6D6XP ,-75 DIRECT-47-HP DeskJet 3630 series ,-76 FASTWEB-DAC4BD ,-77 D-Link-EAAFB1 ,-78 Vodafone-WiFi ,-87 Vodafone-A52863616 ,-87 ginger ,-88  ,-89 FC_guest ,-90 Vodafone-A81207485 ,-91 Foto Casadio ,-94

 FASTWEB-fd6deP ,-45 WOW FI - FASTWEB ,-48 INCENTIVE ,-65 FASTWEB-DAC4BD ,-67 FASTWEB-H6D6XP ,-76 TIM-67974780 ,-79 Vodafone-A44530233 ,-79 Vodafone-WiFi ,-79 Grillandia ,-84 DIRECT-47-HP DeskJet 3630 series ,-86  ,-88 Vodafone-A81207485 ,-89 Vodafone-A52863616 ,-89
