 WOW FI - FASTWEB ,-66 FASTWEB-fd6deP ,-66 INCENTIVE ,-76 Vodafone-WiFi ,-76 D-Link-EAAFB1 ,-76

 FASTWEB-fd6deP ,-38 WOW FI - FASTWEB ,-38 INCENTIVE ,-63 Vodafone-WiFi ,-84 D-Link-EAAFB1 ,-85

 FASTWEB-fd6deP ,-41 WOW FI - FASTWEB ,-41 INCENTIVE ,-65 D-Link-EAAFB1 ,-78 Vodafone-WiFi ,-85

 FASTWEB-fd6deP ,-40 WOW FI - FASTWEB ,-44 INCENTIVE ,-68 D-Link-EAAFB1 ,-71 Vodafone-WiFi ,-78

 FASTWEB-fd6deP ,-50 WOW FI - FASTWEB ,-50 D-Link-EAAFB1 ,-70 INCENTIVE ,-71 Vodafone-WiFi ,-78

 FASTWEB-fd6deP ,-40 WOW FI - FASTWEB ,-43 INCENTIVE ,-72 Vodafone-WiFi ,-80 D-Link-EAAFB1 ,-83

 WOW FI - FASTWEB ,-42 FASTWEB-fd6deP ,-45 INCENTIVE ,-67 D-Link-EAAFB1 ,-76 Vodafone-WiFi ,-81

 FASTWEB-fd6deP ,-43 WOW FI - FASTWEB ,-44 D-Link-EAAFB1 ,-77 INCENTIVE ,-78 Vodafone-WiFi ,-80

 FASTWEB-fd6deP ,-43 WOW FI - FASTWEB ,-43 INCENTIVE ,-69 D-Link-EAAFB1 ,-77 Vodafone-WiFi ,-86

 WOW FI - FASTWEB ,-43 FASTWEB-fd6deP ,-44 INCENTIVE ,-69 Vodafone-WiFi ,-79 D-Link-EAAFB1 ,-83

 WOW FI - FASTWEB ,-44 FASTWEB-fd6deP ,-45 INCENTIVE ,-68 D-Link-EAAFB1 ,-81 Vodafone-WiFi ,-82

 WOW FI - FASTWEB ,-42 FASTWEB-fd6deP ,-43 INCENTIVE ,-68 Vodafone-WiFi ,-83

 WOW FI - FASTWEB ,-29 FASTWEB-fd6deP ,-30 INCENTIVE ,-65 D-Link-EAAFB1 ,-78

 FASTWEB-fd6deP ,-39 WOW FI - FASTWEB ,-39 INCENTIVE ,-60 D-Link-EAAFB1 ,-82 Vodafone-WiFi ,-89

 FASTWEB-fd6deP ,-37 WOW FI - FASTWEB ,-38 INCENTIVE ,-72 D-Link-EAAFB1 ,-83 Vodafone-WiFi ,-84

 FASTWEB-fd6deP ,-37 WOW FI - FASTWEB ,-37 INCENTIVE ,-78 D-Link-EAAFB1 ,-79 Vodafone-WiFi ,-82

 FASTWEB-fd6deP ,-39 WOW FI - FASTWEB ,-41 INCENTIVE ,-63 Vodafone-WiFi ,-83 D-Link-EAAFB1 ,-93

 FASTWEB-fd6deP ,-40 WOW FI - FASTWEB ,-40 INCENTIVE ,-64 Vodafone-WiFi ,-79

 FASTWEB-fd6deP ,-40 WOW FI - FASTWEB ,-41 INCENTIVE ,-69 Vodafone-WiFi ,-79

 WOW FI - FASTWEB ,-40 FASTWEB-fd6deP ,-41 INCENTIVE ,-67 Vodafone-WiFi ,-78

 FASTWEB-fd6deP ,-40 WOW FI - FASTWEB ,-41 INCENTIVE ,-69 Vodafone-WiFi ,-80

 FASTWEB-fd6deP ,-41 WOW FI - FASTWEB ,-41 INCENTIVE ,-69 Vodafone-WiFi ,-78

 FASTWEB-fd6deP ,-40 WOW FI - FASTWEB ,-40 INCENTIVE ,-69 Vodafone-WiFi ,-70

 FASTWEB-fd6deP ,-40 WOW FI - FASTWEB ,-41 INCENTIVE ,-69 Vodafone-WiFi ,-78

 WOW FI - FASTWEB ,-40 FASTWEB-fd6deP ,-41 INCENTIVE ,-69 Vodafone-WiFi ,-79 D-Link-EAAFB1 ,-91

 FASTWEB-fd6deP ,-41 WOW FI - FASTWEB ,-41 INCENTIVE ,-69 Vodafone-WiFi ,-78

 FASTWEB-fd6deP ,-40 WOW FI - FASTWEB ,-40 INCENTIVE ,-66 Vodafone-WiFi ,-77

 FASTWEB-fd6deP ,-40 WOW FI - FASTWEB ,-40 INCENTIVE ,-70 Vodafone-WiFi ,-77

 FASTWEB-fd6deP ,-40 WOW FI - FASTWEB ,-40 INCENTIVE ,-69 Vodafone-WiFi ,-77 D-Link-EAAFB1 ,-89

 FASTWEB-fd6deP ,-40 WOW FI - FASTWEB ,-40 INCENTIVE ,-71 Vodafone-WiFi ,-85

 FASTWEB-fd6deP ,-40 WOW FI - FASTWEB ,-40 INCENTIVE ,-69 Vodafone-WiFi ,-77

 WOW FI - FASTWEB ,-40 FASTWEB-fd6deP ,-41 INCENTIVE ,-68 Vodafone-WiFi ,-78 D-Link-EAAFB1 ,-91

 FASTWEB-fd6deP ,-36 WOW FI - FASTWEB ,-39 INCENTIVE ,-66 D-Link-EAAFB1 ,-72 Vodafone-WiFi ,-78

