 WOW FI - FASTWEB ,-45 FASTWEB-fd6deP ,-45 INCENTIVE ,-73 Vodafone-WiFi ,-83

 WOW FI - FASTWEB ,-46 FASTWEB-fd6deP ,-46 INCENTIVE ,-74 D-Link-EAAFB1 ,-83

 WOW FI - FASTWEB ,-46 FASTWEB-fd6deP ,-46 INCENTIVE ,-68 Vodafone-WiFi ,-76 D-Link-EAAFB1 ,-81

 WOW FI - FASTWEB ,-46 FASTWEB-fd6deP ,-47 INCENTIVE ,-68 D-Link-EAAFB1 ,-78 Vodafone-WiFi ,-82

 WOW FI - FASTWEB ,-43 FASTWEB-fd6deP ,-43 INCENTIVE ,-67 D-Link-EAAFB1 ,-78 Vodafone-WiFi ,-89

 WOW FI - FASTWEB ,-43 FASTWEB-fd6deP ,-43 INCENTIVE ,-68 Vodafone-WiFi ,-81

 FASTWEB-fd6deP ,-42 WOW FI - FASTWEB ,-43 INCENTIVE ,-64 D-Link-EAAFB1 ,-79 Vodafone-WiFi ,-91

 WOW FI - FASTWEB ,-43 FASTWEB-fd6deP ,-43 INCENTIVE ,-66 D-Link-EAAFB1 ,-79

 FASTWEB-fd6deP ,-42 WOW FI - FASTWEB ,-43 INCENTIVE ,-66 D-Link-EAAFB1 ,-77 Vodafone-WiFi ,-81

 WOW FI - FASTWEB ,-43 FASTWEB-fd6deP ,-44 INCENTIVE ,-68 D-Link-EAAFB1 ,-79 Vodafone-WiFi ,-82

 WOW FI - FASTWEB ,-43 FASTWEB-fd6deP ,-43 INCENTIVE ,-65 D-Link-EAAFB1 ,-79 Vodafone-WiFi ,-92

 WOW FI - FASTWEB ,-44 FASTWEB-fd6deP ,-45 INCENTIVE ,-62 D-Link-EAAFB1 ,-79 Vodafone-WiFi ,-88

 WOW FI - FASTWEB ,-46 FASTWEB-fd6deP ,-46 INCENTIVE ,-66 D-Link-EAAFB1 ,-83 Vodafone-WiFi ,-87

 FASTWEB-fd6deP ,-44 WOW FI - FASTWEB ,-45 INCENTIVE ,-67 D-Link-EAAFB1 ,-83 Vodafone-WiFi ,-89

 WOW FI - FASTWEB ,-44 FASTWEB-fd6deP ,-44 INCENTIVE ,-67 Vodafone-WiFi ,-91

 WOW FI - FASTWEB ,-45 FASTWEB-fd6deP ,-45 INCENTIVE ,-67 D-Link-EAAFB1 ,-84 Vodafone-WiFi ,-85

 WOW FI - FASTWEB ,-49 FASTWEB-fd6deP ,-49 INCENTIVE ,-58 D-Link-EAAFB1 ,-84 Vodafone-WiFi ,-89

 WOW FI - FASTWEB ,-46 FASTWEB-fd6deP ,-47 INCENTIVE ,-65 D-Link-EAAFB1 ,-76 Vodafone-WiFi ,-81

 WOW FI - FASTWEB ,-46 FASTWEB-fd6deP ,-47 INCENTIVE ,-66 Vodafone-WiFi ,-90

 WOW FI - FASTWEB ,-45 FASTWEB-fd6deP ,-45 INCENTIVE ,-66 D-Link-EAAFB1 ,-84 Vodafone-WiFi ,-87

 WOW FI - FASTWEB ,-50 FASTWEB-fd6deP ,-50 INCENTIVE ,-76

 WOW FI - FASTWEB ,-49 FASTWEB-fd6deP ,-49 INCENTIVE ,-76 D-Link-EAAFB1 ,-86 Vodafone-WiFi ,-86

 FASTWEB-fd6deP ,-48 WOW FI - FASTWEB ,-49 INCENTIVE ,-77 Vodafone-WiFi ,-82 D-Link-EAAFB1 ,-85

 WOW FI - FASTWEB ,-44 FASTWEB-fd6deP ,-44 INCENTIVE ,-66 D-Link-EAAFB1 ,-88 Vodafone-WiFi ,-93

 WOW FI - FASTWEB ,-50 FASTWEB-fd6deP ,-50 INCENTIVE ,-72 Vodafone-WiFi ,-82

 FASTWEB-fd6deP ,-49 WOW FI - FASTWEB ,-50 INCENTIVE ,-73 Vodafone-WiFi ,-88

 WOW FI - FASTWEB ,-46 FASTWEB-fd6deP ,-46 INCENTIVE ,-75 Vodafone-WiFi ,-83
