 FASTWEB-fd6deP ,-58 WOW FI - FASTWEB ,-63 INCENTIVE ,-72 D-Link-EAAFB1 ,-74 Vodafone-WiFi ,-80

 FASTWEB-fd6deP ,-42 WOW FI - FASTWEB ,-44 INCENTIVE ,-63 Vodafone-WiFi ,-75 D-Link-EAAFB1 ,-88

 FASTWEB-fd6deP ,-42 WOW FI - FASTWEB ,-42 INCENTIVE ,-62 Vodafone-WiFi ,-77

 FASTWEB-fd6deP ,-43 WOW FI - FASTWEB ,-44 INCENTIVE ,-66 Vodafone-WiFi ,-68

 FASTWEB-fd6deP ,-42 WOW FI - FASTWEB ,-42 INCENTIVE ,-67 Vodafone-WiFi ,-74 D-Link-EAAFB1 ,-92

 FASTWEB-fd6deP ,-36 WOW FI - FASTWEB ,-39 INCENTIVE ,-61 Vodafone-WiFi ,-77 D-Link-EAAFB1 ,-92

 FASTWEB-fd6deP ,-39 WOW FI - FASTWEB ,-40 INCENTIVE ,-68 Vodafone-WiFi ,-86 D-Link-EAAFB1 ,-92

 FASTWEB-fd6deP ,-39 WOW FI - FASTWEB ,-40 INCENTIVE ,-68 Vodafone-WiFi ,-73

 FASTWEB-fd6deP ,-47 WOW FI - FASTWEB ,-47 INCENTIVE ,-68 Vodafone-WiFi ,-82 D-Link-EAAFB1 ,-92

 FASTWEB-fd6deP ,-39 WOW FI - FASTWEB ,-39 INCENTIVE ,-66 D-Link-EAAFB1 ,-73 Vodafone-WiFi ,-81

 FASTWEB-fd6deP ,-41 WOW FI - FASTWEB ,-43 INCENTIVE ,-67 Vodafone-WiFi ,-73 D-Link-EAAFB1 ,-83

 WOW FI - FASTWEB ,-45 FASTWEB-fd6deP ,-46 INCENTIVE ,-65 Vodafone-WiFi ,-77 D-Link-EAAFB1 ,-79

 WOW FI - FASTWEB ,-47 FASTWEB-fd6deP ,-48 Vodafone-WiFi ,-71 INCENTIVE ,-78 D-Link-EAAFB1 ,-87

 WOW FI - FASTWEB ,-56 FASTWEB-fd6deP ,-58 INCENTIVE ,-70 Vodafone-WiFi ,-78 D-Link-EAAFB1 ,-80

 FASTWEB-fd6deP ,-52 WOW FI - FASTWEB ,-52 Vodafone-WiFi ,-68 INCENTIVE ,-84

 FASTWEB-fd6deP ,-43 WOW FI - FASTWEB ,-44 INCENTIVE ,-65 Vodafone-WiFi ,-74
