[FASTWEB-fd6deP ,-42 WOW FI - FASTWEB ,-42 FASTWEB-fd6deP ,-55 INCENTIVE ,-64 WOW FI - FASTWEB ,-68 FASTWEB-DAC4BD ,-68 FASTWEB-H6D6XP ,-79 WOW FI - FASTWEB ,-80 FASTWEB-DAC4BD ,-80 DIRECT-47-HP DeskJet 3630 series ,-84 Vodafone-A44530233 ,-84  ,-85 ginger ,-85 FASTWEB-H6D6XP ,-86 Grillandia ,-87 Vodafone-WiFi ,-90 Vodafone-WiFi ,-90 Vodafone-A81207485 ,-90 WOW FI - FASTWEB ,-90 Vodafone-A52863616 ,-91 Vodafone-WiFi ,-94];;;;
;;;;
[FASTWEB-fd6deP ,-41 WOW FI - FASTWEB ,-41 FASTWEB-fd6deP ,-48 INCENTIVE ,-63 WOW FI - FASTWEB ,-72 FASTWEB-DAC4BD ,-73 Vodafone-A44530233 ,-77 DIRECT-47-HP DeskJet 3630 series ,-78 FASTWEB-DAC4BD ,-78 FASTWEB-H6D6XP ,-79 D-Link-EAAFB1 ,-80 WOW FI - FASTWEB ,-80 Vodafone-WiFi ,-87 Vodafone-A52863616 ,-88 Vodafone-WiFi ,-88 FASTWEB-H6D6XP ,-89 FC_guest ,-90 WOW FI - FASTWEB ,-91 Grillandia ,-92];;;;
;;;;
[FASTWEB-fd6deP ,-44 WOW FI - FASTWEB ,-47 FASTWEB-fd6deP ,-48 INCENTIVE ,-65 FASTWEB-DAC4BD ,-70 WOW FI - FASTWEB ,-73 FASTWEB-DAC4BD ,-76 D-Link-EAAFB1 ,-79 DIRECT-47-HP DeskJet 3630 series ,-80 Vodafone-A44530233 ,-82 Vodafone-WiFi ,-82 Grillandia ,-83 WOW FI - FASTWEB ,-85  ,-86 FASTWEB-H6D6XP ,-87 FASTWEB-H6D6XP ,-87 Vodafone-WiFi ,-87 Vodafone-A81207485 ,-88 Vodafone-A52863616 ,-89 Vodafone-WiFi ,-90 KN_WIFI ,-92 ginger ,-93];;;;
;;;;
[FASTWEB-fd6deP ,-44 WOW FI - FASTWEB ,-44 FASTWEB-fd6deP ,-56 WOW FI - FASTWEB ,-70 FASTWEB-DAC4BD ,-70 Vodafone-A44530233 ,-73 Vodafone-WiFi ,-73 INCENTIVE ,-75 FASTWEB-DAC4BD ,-75 D-Link-EAAFB1 ,-78 DIRECT-47-HP DeskJet 3630 series ,-79 WOW FI - FASTWEB ,-80 FASTWEB-H6D6XP ,-80 Vodafone-A52863616 ,-80 Vodafone-WiFi ,-80 Grillandia ,-84 Vodafone-WiFi ,-88 D-Link-EAAFB1 ,-88 FASTWEB-H6D6XP ,-89 Vodafone-A81207485 ,-90 WOW FI - FASTWEB ,-93 NETGEAR_EXT ,-94];;;;
;;;;
[FASTWEB-fd6deP ,-51 WOW FI - FASTWEB ,-51 FASTWEB-fd6deP ,-52 DIRECT-47-HP DeskJet 3630 series ,-71 WOW FI - FASTWEB ,-73 INCENTIVE ,-73 FASTWEB-DAC4BD ,-76 Vodafone-A52863616 ,-78 Vodafone-WiFi ,-79 Vodafone-A44530233 ,-80 WOW FI - FASTWEB ,-81 FASTWEB-H6D6XP ,-82 Grillandia ,-87 Vodafone-WiFi ,-88 FC_guest ,-91 Hotel Palace ,-92 ginger ,-95];;;;
;;;;
[FASTWEB-fd6deP ,-47 WOW FI - FASTWEB ,-47 FASTWEB-fd6deP ,-55 FASTWEB-H6D6XP ,-67 INCENTIVE ,-69 WOW FI - FASTWEB ,-75 DIRECT-47-HP DeskJet 3630 series ,-75 FASTWEB-DAC4BD ,-75 FASTWEB-DAC4BD ,-76 WOW FI - FASTWEB ,-77 Vodafone-WiFi ,-81 Vodafone-A44530233 ,-84 D-Link-EAAFB1 ,-85 Vodafone-A52863616 ,-87 Vodafone-WiFi ,-87 Grillandia ,-88 FASTWEB-H6D6XP ,-88  ,-89 Vodafone-A85853855 ,-91 VodafoneOSPITI_GELATERIA_GIANNI ,-91 FC_guest ,-93];;;;
;;;;
[FASTWEB-fd6deP ,-46 WOW FI - FASTWEB ,-47 FASTWEB-fd6deP ,-55 INCENTIVE ,-65 WOW FI - FASTWEB ,-70 FASTWEB-DAC4BD ,-70 FASTWEB-DAC4BD ,-76 Vodafone-A44530233 ,-78  ,-80 DIRECT-47-HP DeskJet 3630 series ,-81 WOW FI - FASTWEB ,-83 FASTWEB-H6D6XP ,-83 Vodafone-WiFi ,-84 Vodafone-WiFi ,-86 FASTWEB-H6D6XP ,-88 Vodafone-WiFi ,-88 Vodafone-A81207485 ,-88 Grillandia ,-89 STUDIOMASTRANDREA ,-93];;;;
;;;;
[FASTWEB-fd6deP ,-42 FASTWEB-fd6deP ,-46 WOW FI - FASTWEB ,-46 FASTWEB-DAC4BD ,-66 WOW FI - FASTWEB ,-67 INCENTIVE ,-69 Vodafone-A44530233 ,-74 FASTWEB-DAC4BD ,-75 WOW FI - FASTWEB ,-76 Grillandia ,-82 Vodafone-WiFi ,-83 DIRECT-47-HP DeskJet 3630 series ,-85 D-Link-EAAFB1 ,-86 FASTWEB-H6D6XP ,-87 FASTWEB-H6D6XP ,-87 Vodafone-WiFi ,-87 Vodafone-A44530233 ,-88 Vodafone-A52863616 ,-90 Vodafone-WiFi ,-90 Vodafone-A81207485 ,-90 Vodafone-WiFi ,-91 WOW FI - FASTWEB ,-91 Foto Casadio ,-93 TIM-18214383 ,-95];;;;
;;;;
[WOW FI - FASTWEB ,-43 FASTWEB-fd6deP ,-45 FASTWEB-fd6deP ,-53 INCENTIVE ,-61 FASTWEB-DAC4BD ,-72 WOW FI - FASTWEB ,-73 FASTWEB-DAC4BD ,-73 WOW FI - FASTWEB ,-80 FASTWEB-H6D6XP ,-80 Vodafone-A44530233 ,-80 DIRECT-47-HP DeskJet 3630 series ,-82 FASTWEB-H6D6XP ,-83 Vodafone-WiFi ,-84  ,-84 D-Link-EAAFB1 ,-85 Vodafone-A52863616 ,-87 Vodafone-WiFi ,-88 Vodafone-A81207485 ,-88 Grillandia ,-89 Vodafone-WiFi ,-90 TIM-20476953 ,-90 NETGEAR_EXT ,-91 FC_guest ,-92];;;;
;;;;
[WOW FI - FASTWEB ,-45 FASTWEB-fd6deP ,-46 FASTWEB-fd6deP ,-56 WOW FI - FASTWEB ,-65 FASTWEB-DAC4BD ,-65 FASTWEB-DAC4BD ,-74 INCENTIVE ,-78 Vodafone-A52863616 ,-78 Vodafone-WiFi ,-78 DIRECT-47-HP DeskJet 3630 series ,-79 WOW FI - FASTWEB ,-86 FASTWEB-H6D6XP ,-86 FASTWEB-H6D6XP ,-90 Vodafone-WiFi ,-90 Vodafone-A81207485 ,-91 ginger ,-92];;;;
;;;;
[FASTWEB-fd6deP ,-46 FASTWEB-fd6deP ,-47 WOW FI - FASTWEB ,-47 INCENTIVE ,-66 WOW FI - FASTWEB ,-75 FASTWEB-DAC4BD ,-79 WOW FI - FASTWEB ,-81 FASTWEB-H6D6XP ,-81 DIRECT-47-HP DeskJet 3630 series ,-82 Vodafone-A52863616 ,-82 Vodafone-WiFi ,-82 Grillandia ,-88 D-Link-EAAFB1 ,-88  ,-88 WOW FI - FASTWEB ,-89 FASTWEB-H6D6XP ,-90 FC_guest ,-90 Vodafone-WiFi ,-91];;;;
;;;;
[FASTWEB-fd6deP ,-45 WOW FI - FASTWEB ,-45 FASTWEB-fd6deP ,-54 FASTWEB-DAC4BD ,-70 WOW FI - FASTWEB ,-74 FASTWEB-DAC4BD ,-74 INCENTIVE ,-74 FASTWEB-H6D6XP ,-80 DIRECT-47-HP DeskJet 3630 series ,-80 WOW FI - FASTWEB ,-84 Vodafone-A44530233 ,-85 Vodafone-WiFi ,-87 Vodafone-A52863616 ,-87 Vodafone-WiFi ,-87  ,-87 D-Link-EAAFB1 ,-88 Vodafone-A81207485 ,-90 Grillandia ,-91 Vodafone-WiFi ,-92 Foto Casadio ,-92 FC_guest ,-93];;;;
;;;;
[FASTWEB-fd6deP ,-46 WOW FI - FASTWEB ,-46 FASTWEB-fd6deP ,-56 INCENTIVE ,-71 DIRECT-47-HP DeskJet 3630 series ,-76 FASTWEB-DAC4BD ,-76 WOW FI - FASTWEB ,-77 FASTWEB-DAC4BD ,-77 Vodafone-A44530233 ,-78 Vodafone-WiFi ,-78 FASTWEB-H6D6XP ,-84 Grillandia ,-85 FASTWEB-H6D6XP ,-85 Vodafone-WiFi ,-87 Vodafone-A52863616 ,-88 Vodafone-WiFi ,-88 Vodafone-A44530233 ,-88 Vodafone-WiFi ,-90];;;;
;;;;
[FASTWEB-fd6deP ,-46 FASTWEB-fd6deP ,-49 WOW FI - FASTWEB ,-49 INCENTIVE ,-63 WOW FI - FASTWEB ,-67 FASTWEB-DAC4BD ,-67 FASTWEB-DAC4BD ,-71 WOW FI - FASTWEB ,-74 FASTWEB-H6D6XP ,-75 Vodafone-WiFi ,-77 Vodafone-A44530233 ,-78  ,-80 DIRECT-47-HP DeskJet 3630 series ,-82 FASTWEB-H6D6XP ,-83 Vodafone-A52863616 ,-83 Vodafone-WiFi ,-86 Vodafone-WiFi ,-92 FC_guest ,-92 KN_WIFI ,-93];;;;
;;;;
[INCENTIVE ,-53 FASTWEB-fd6deP ,-53 WOW FI - FASTWEB ,-53 FASTWEB-fd6deP ,-62 WOW FI - FASTWEB ,-79 FASTWEB-H6D6XP ,-79 FASTWEB-DAC4BD ,-82 Vodafone-A52863616 ,-84 FASTWEB-H6D6XP ,-85 DIRECT-47-HP DeskJet 3630 series ,-87 FC_guest ,-91 Vodafone-WiFi ,-92 WOW FI - FASTWEB ,-92];;;;
;;;;
[WOW FI - FASTWEB ,-48 FASTWEB-fd6deP ,-50 FASTWEB-fd6deP ,-56 INCENTIVE ,-66 FASTWEB-DAC4BD ,-72 WOW FI - FASTWEB ,-75 FASTWEB-DAC4BD ,-76 DIRECT-47-HP DeskJet 3630 series ,-81 Vodafone-A44530233 ,-81 FASTWEB-H6D6XP ,-82 WOW FI - FASTWEB ,-83 Vodafone-WiFi ,-84 Vodafone-A52863616 ,-84 Vodafone-WiFi ,-84 Grillandia ,-85  ,-87 Vodafone-WiFi ,-88 FC_guest ,-88 FASTWEB-H6D6XP ,-89 Vodafone-A81207485 ,-90 WOW FI - FASTWEB ,-91 Foto Casadio ,-92 D-Link-EAAFB1 ,-94];;;;
;;;;
[WOW FI - FASTWEB ,-47 FASTWEB-fd6deP ,-48 FASTWEB-fd6deP ,-56 WOW FI - FASTWEB ,-68 FASTWEB-DAC4BD ,-68 INCENTIVE ,-69 FASTWEB-DAC4BD ,-72 WOW FI - FASTWEB ,-81 FASTWEB-H6D6XP ,-81 DIRECT-47-HP DeskJet 3630 series ,-81 Vodafone-A44530233 ,-86 Vodafone-WiFi ,-86 FASTWEB-H6D6XP ,-88 FC_guest ,-90 ginger ,-90 WOW FI - FASTWEB ,-91 Grillandia ,-93 KN_WIFI ,-94];;;;
;;;;
;;;;
;;;;
;;;;
;;;;
;;;;
;;;;
;;;;
;;;;
;;;;
;;;;
;;;;
;;;;
;;;;
;;;;
;;;;
;;;;
;;;;
;;;;
;;;;
;;;;
;;;;
;;;;
;;;;
;;;;
;;;;
