 WOW FI - FASTWEB ,-67 FASTWEB-fd6deP ,-68 D-Link-EAAFB1 ,-69 INCENTIVE ,-75 Vodafone-WiFi ,-88

 FASTWEB-fd6deP ,-61 WOW FI - FASTWEB ,-61 Vodafone-WiFi ,-72 D-Link-EAAFB1 ,-78

 FASTWEB-fd6deP ,-61 WOW FI - FASTWEB ,-61 Vodafone-WiFi ,-72 INCENTIVE ,-77 D-Link-EAAFB1 ,-87

 FASTWEB-fd6deP ,-61 WOW FI - FASTWEB ,-61 Vodafone-WiFi ,-72 INCENTIVE ,-79 D-Link-EAAFB1 ,-86

 FASTWEB-fd6deP ,-61 WOW FI - FASTWEB ,-61 Vodafone-WiFi ,-71 D-Link-EAAFB1 ,-78 INCENTIVE ,-78

 FASTWEB-fd6deP ,-61 WOW FI - FASTWEB ,-61 Vodafone-WiFi ,-72 INCENTIVE ,-76 D-Link-EAAFB1 ,-80

 FASTWEB-fd6deP ,-61 WOW FI - FASTWEB ,-67 D-Link-EAAFB1 ,-74 Vodafone-WiFi ,-76 INCENTIVE ,-79

 WOW FI - FASTWEB ,-60 FASTWEB-fd6deP ,-61 D-Link-EAAFB1 ,-68 Vodafone-WiFi ,-71 INCENTIVE ,-79

 FASTWEB-fd6deP ,-60 WOW FI - FASTWEB ,-60 Vodafone-WiFi ,-68 D-Link-EAAFB1 ,-76 INCENTIVE ,-85

 FASTWEB-fd6deP ,-56 WOW FI - FASTWEB ,-56 D-Link-EAAFB1 ,-70 Vodafone-WiFi ,-78

 FASTWEB-fd6deP ,-62 WOW FI - FASTWEB ,-66 Vodafone-WiFi ,-68 D-Link-EAAFB1 ,-69 INCENTIVE ,-83

 FASTWEB-fd6deP ,-54 WOW FI - FASTWEB ,-55 Vodafone-WiFi ,-73 D-Link-EAAFB1 ,-74 INCENTIVE ,-78

 FASTWEB-fd6deP ,-54 WOW FI - FASTWEB ,-55 Vodafone-WiFi ,-73 D-Link-EAAFB1 ,-74 INCENTIVE ,-78

 FASTWEB-fd6deP ,-65 WOW FI - FASTWEB ,-65 D-Link-EAAFB1 ,-76 Vodafone-WiFi ,-77 INCENTIVE ,-79

 FASTWEB-fd6deP ,-66 WOW FI - FASTWEB ,-66 Vodafone-WiFi ,-67 D-Link-EAAFB1 ,-77 INCENTIVE ,-84

 FASTWEB-fd6deP ,-67 WOW FI - FASTWEB ,-67 Vodafone-WiFi ,-67 D-Link-EAAFB1 ,-83 INCENTIVE ,-85

 WOW FI - FASTWEB ,-66 FASTWEB-fd6deP ,-67 Vodafone-WiFi ,-67 D-Link-EAAFB1 ,-78 INCENTIVE ,-85

 WOW FI - FASTWEB ,-66 FASTWEB-fd6deP ,-67 Vodafone-WiFi ,-67 D-Link-EAAFB1 ,-82

 FASTWEB-fd6deP ,-66 WOW FI - FASTWEB ,-66 Vodafone-WiFi ,-67 D-Link-EAAFB1 ,-78 INCENTIVE ,-85

 FASTWEB-fd6deP ,-66 WOW FI - FASTWEB ,-66 Vodafone-WiFi ,-67 D-Link-EAAFB1 ,-79 INCENTIVE ,-84

 FASTWEB-fd6deP ,-66 WOW FI - FASTWEB ,-66 Vodafone-WiFi ,-67 INCENTIVE ,-83 D-Link-EAAFB1 ,-89

 FASTWEB-fd6deP ,-66 WOW FI - FASTWEB ,-66 Vodafone-WiFi ,-77 D-Link-EAAFB1 ,-88

 FASTWEB-fd6deP ,-66 WOW FI - FASTWEB ,-66 Vodafone-WiFi ,-67 D-Link-EAAFB1 ,-78 INCENTIVE ,-84

 FASTWEB-fd6deP ,-47 WOW FI - FASTWEB ,-47 D-Link-EAAFB1 ,-70 Vodafone-WiFi ,-76 INCENTIVE ,-77

 Vodafone-WiFi ,-65 FASTWEB-fd6deP ,-69 WOW FI - FASTWEB ,-69 D-Link-EAAFB1 ,-73

 FASTWEB-fd6deP ,-67 WOW FI - FASTWEB ,-67 Vodafone-WiFi ,-67 D-Link-EAAFB1 ,-72 INCENTIVE ,-80

 FASTWEB-fd6deP ,-67 WOW FI - FASTWEB ,-67 Vodafone-WiFi ,-67 INCENTIVE ,-81 D-Link-EAAFB1 ,-85

 Vodafone-WiFi ,-64 FASTWEB-fd6deP ,-68 WOW FI - FASTWEB ,-68 D-Link-EAAFB1 ,-73 INCENTIVE ,-81

 FASTWEB-fd6deP ,-69 WOW FI - FASTWEB ,-71 Vodafone-WiFi ,-73 D-Link-EAAFB1 ,-78 INCENTIVE ,-84

 FASTWEB-fd6deP ,-66 Vodafone-WiFi ,-66 WOW FI - FASTWEB ,-68 D-Link-EAAFB1 ,-73 INCENTIVE ,-82

 FASTWEB-fd6deP ,-60 WOW FI - FASTWEB ,-61 D-Link-EAAFB1 ,-73 INCENTIVE ,-73 Vodafone-WiFi ,-77

 FASTWEB-fd6deP ,-59 WOW FI - FASTWEB ,-63 INCENTIVE ,-76 D-Link-EAAFB1 ,-77 Vodafone-WiFi ,-79

 FASTWEB-fd6deP ,-68 INCENTIVE ,-74 D-Link-EAAFB1 ,-77 Vodafone-WiFi ,-89

 FASTWEB-fd6deP ,-61 WOW FI - FASTWEB ,-61 Vodafone-WiFi ,-68 INCENTIVE ,-70 D-Link-EAAFB1 ,-75

 FASTWEB-fd6deP ,-66 WOW FI - FASTWEB ,-66 Vodafone-WiFi ,-67 D-Link-EAAFB1 ,-70 INCENTIVE ,-82

 WOW FI - FASTWEB ,-63 FASTWEB-fd6deP ,-65 Vodafone-WiFi ,-69 D-Link-EAAFB1 ,-73 INCENTIVE ,-83

 Vodafone-WiFi ,-63 FASTWEB-fd6deP ,-64 WOW FI - FASTWEB ,-64 D-Link-EAAFB1 ,-69 INCENTIVE ,-81

 FASTWEB-fd6deP ,-60 WOW FI - FASTWEB ,-63 D-Link-EAAFB1 ,-72 Vodafone-WiFi ,-72 INCENTIVE ,-74

