 WOW FI - FASTWEB ,-66 FASTWEB-fd6deP ,-70 D-Link-EAAFB1 ,-78 Vodafone-WiFi ,-80 INCENTIVE ,-89

 WOW FI - FASTWEB ,-50 FASTWEB-fd6deP ,-51 INCENTIVE ,-72 Vodafone-WiFi ,-91 D-Link-EAAFB1 ,-95

 FASTWEB-fd6deP ,-50 WOW FI - FASTWEB ,-50 INCENTIVE ,-72 D-Link-EAAFB1 ,-92

 FASTWEB-fd6deP ,-47 WOW FI - FASTWEB ,-50 INCENTIVE ,-59 D-Link-EAAFB1 ,-88 Vodafone-WiFi ,-88

 FASTWEB-fd6deP ,-48 WOW FI - FASTWEB ,-49 INCENTIVE ,-71

 FASTWEB-fd6deP ,-42 WOW FI - FASTWEB ,-44 INCENTIVE ,-72 Vodafone-WiFi ,-83 D-Link-EAAFB1 ,-88

 FASTWEB-fd6deP ,-51 WOW FI - FASTWEB ,-51 INCENTIVE ,-74 Vodafone-WiFi ,-89 D-Link-EAAFB1 ,-90

 WOW FI - FASTWEB ,-46 FASTWEB-fd6deP ,-48 INCENTIVE ,-66 Vodafone-WiFi ,-85 D-Link-EAAFB1 ,-86

 FASTWEB-fd6deP ,-50 WOW FI - FASTWEB ,-51 INCENTIVE ,-77 Vodafone-WiFi ,-78 D-Link-EAAFB1 ,-79

 WOW FI - FASTWEB ,-47 FASTWEB-fd6deP ,-48 INCENTIVE ,-67 Vodafone-WiFi ,-86 D-Link-EAAFB1 ,-89

 FASTWEB-fd6deP ,-44 WOW FI - FASTWEB ,-49 INCENTIVE ,-72 D-Link-EAAFB1 ,-80 Vodafone-WiFi ,-82

 FASTWEB-fd6deP ,-43 WOW FI - FASTWEB ,-46 INCENTIVE ,-67 Vodafone-WiFi ,-83 D-Link-EAAFB1 ,-87

 FASTWEB-fd6deP ,-55 WOW FI - FASTWEB ,-55 INCENTIVE ,-69 D-Link-EAAFB1 ,-82 Vodafone-WiFi ,-88

 FASTWEB-fd6deP ,-46 WOW FI - FASTWEB ,-46 INCENTIVE ,-74 Vodafone-WiFi ,-85 D-Link-EAAFB1 ,-89

 WOW FI - FASTWEB ,-45 FASTWEB-fd6deP ,-46 INCENTIVE ,-66 Vodafone-WiFi ,-81 D-Link-EAAFB1 ,-85

 FASTWEB-fd6deP ,-50 WOW FI - FASTWEB ,-51 INCENTIVE ,-74 D-Link-EAAFB1 ,-84 Vodafone-WiFi ,-89

 FASTWEB-fd6deP ,-50 WOW FI - FASTWEB ,-51 INCENTIVE ,-74 D-Link-EAAFB1 ,-87 Vodafone-WiFi ,-88

 FASTWEB-fd6deP ,-49 WOW FI - FASTWEB ,-49 INCENTIVE ,-66 Vodafone-WiFi ,-82 D-Link-EAAFB1 ,-86

 FASTWEB-fd6deP ,-51 WOW FI - FASTWEB ,-51 INCENTIVE ,-74 Vodafone-WiFi ,-86 D-Link-EAAFB1 ,-89

 WOW FI - FASTWEB ,-47 FASTWEB-fd6deP ,-48 INCENTIVE ,-66 Vodafone-WiFi ,-81

 FASTWEB-fd6deP ,-57 WOW FI - FASTWEB ,-57 INCENTIVE ,-64 Vodafone-WiFi ,-84

 FASTWEB-fd6deP ,-48 WOW FI - FASTWEB ,-48 INCENTIVE ,-71 Vodafone-WiFi ,-82 D-Link-EAAFB1 ,-88

 FASTWEB-fd6deP ,-45 WOW FI - FASTWEB ,-45 INCENTIVE ,-70 Vodafone-WiFi ,-84

 FASTWEB-fd6deP ,-50 WOW FI - FASTWEB ,-50 INCENTIVE ,-67 Vodafone-WiFi ,-86 D-Link-EAAFB1 ,-89

 FASTWEB-fd6deP ,-46 WOW FI - FASTWEB ,-52 INCENTIVE ,-65 Vodafone-WiFi ,-88

 FASTWEB-fd6deP ,-48 WOW FI - FASTWEB ,-48 INCENTIVE ,-68 Vodafone-WiFi ,-80 D-Link-EAAFB1 ,-84

 FASTWEB-fd6deP ,-48 WOW FI - FASTWEB ,-48 INCENTIVE ,-68 Vodafone-WiFi ,-81 D-Link-EAAFB1 ,-84
