 FASTWEB-fd6deP ,-74 WOW FI - FASTWEB ,-75 D-Link-EAAFB1 ,-79 INCENTIVE ,-80 Vodafone-WiFi ,-80

 FASTWEB-fd6deP ,-74 WOW FI - FASTWEB ,-75 D-Link-EAAFB1 ,-79 INCENTIVE ,-80 Vodafone-WiFi ,-80

 FASTWEB-fd6deP ,-74 WOW FI - FASTWEB ,-75 D-Link-EAAFB1 ,-79 INCENTIVE ,-80 Vodafone-WiFi ,-80

 FASTWEB-fd6deP ,-48 WOW FI - FASTWEB ,-49 INCENTIVE ,-67 D-Link-EAAFB1 ,-85 Vodafone-WiFi ,-87

 FASTWEB-fd6deP ,-45 WOW FI - FASTWEB ,-45 INCENTIVE ,-75 D-Link-EAAFB1 ,-81 Vodafone-WiFi ,-83

 FASTWEB-fd6deP ,-48 WOW FI - FASTWEB ,-49 INCENTIVE ,-72 D-Link-EAAFB1 ,-82 Vodafone-WiFi ,-87

 WOW FI - FASTWEB ,-56 FASTWEB-fd6deP ,-57 INCENTIVE ,-63 Vodafone-WiFi ,-86 D-Link-EAAFB1 ,-87

 WOW FI - FASTWEB ,-48 FASTWEB-fd6deP ,-49 INCENTIVE ,-67 D-Link-EAAFB1 ,-78 Vodafone-WiFi ,-87

 FASTWEB-fd6deP ,-44 WOW FI - FASTWEB ,-45 INCENTIVE ,-64 D-Link-EAAFB1 ,-77 Vodafone-WiFi ,-90

 FASTWEB-fd6deP ,-42 WOW FI - FASTWEB ,-47 INCENTIVE ,-67 D-Link-EAAFB1 ,-81 Vodafone-WiFi ,-84

 FASTWEB-fd6deP ,-47 WOW FI - FASTWEB ,-48 INCENTIVE ,-60 Vodafone-WiFi ,-84

 FASTWEB-fd6deP ,-51 INCENTIVE ,-68 WOW FI - FASTWEB ,-75 D-Link-EAAFB1 ,-88

 FASTWEB-fd6deP ,-51 WOW FI - FASTWEB ,-51 INCENTIVE ,-69 Vodafone-WiFi ,-80 D-Link-EAAFB1 ,-82

 FASTWEB-fd6deP ,-51 WOW FI - FASTWEB ,-51 INCENTIVE ,-68 D-Link-EAAFB1 ,-83 Vodafone-WiFi ,-91

 FASTWEB-fd6deP ,-52 WOW FI - FASTWEB ,-53 INCENTIVE ,-66 Vodafone-WiFi ,-79 D-Link-EAAFB1 ,-84

 FASTWEB-fd6deP ,-50 WOW FI - FASTWEB ,-50 INCENTIVE ,-66 Vodafone-WiFi ,-80 D-Link-EAAFB1 ,-85

 FASTWEB-fd6deP ,-49 WOW FI - FASTWEB ,-50 INCENTIVE ,-67 Vodafone-WiFi ,-80 D-Link-EAAFB1 ,-91

 FASTWEB-fd6deP ,-50 WOW FI - FASTWEB ,-51 INCENTIVE ,-68 Vodafone-WiFi ,-78 D-Link-EAAFB1 ,-91

 FASTWEB-fd6deP ,-52 WOW FI - FASTWEB ,-52 INCENTIVE ,-65 Vodafone-WiFi ,-78 D-Link-EAAFB1 ,-83

 WOW FI - FASTWEB ,-49 FASTWEB-fd6deP ,-54 INCENTIVE ,-67 Vodafone-WiFi ,-84 D-Link-EAAFB1 ,-85

 FASTWEB-fd6deP ,-47 WOW FI - FASTWEB ,-48 INCENTIVE ,-63 D-Link-EAAFB1 ,-82 Vodafone-WiFi ,-84

 WOW FI - FASTWEB ,-50 FASTWEB-fd6deP ,-51 INCENTIVE ,-70 D-Link-EAAFB1 ,-80

 WOW FI - FASTWEB ,-54 FASTWEB-fd6deP ,-55 INCENTIVE ,-71 D-Link-EAAFB1 ,-82 Vodafone-WiFi ,-91

 WOW FI - FASTWEB ,-50 FASTWEB-fd6deP ,-51 INCENTIVE ,-69 D-Link-EAAFB1 ,-79 Vodafone-WiFi ,-82

