 FASTWEB-fd6deP ,-42 WOW FI - FASTWEB ,-43 INCENTIVE ,-69 FASTWEB-H6D6XP ,-75 TIM-67974780 ,-77 FASTWEB-DAC4BD ,-79 Vodafone-A44530233 ,-80 Vodafone-WiFi ,-81 DIRECT-47-HP DeskJet 3630 series ,-81 Grillandia ,-84 D-Link-EAAFB1 ,-87 Vodafone-A52863616 ,-88  ,-88

 FASTWEB-fd6deP ,-45 WOW FI - FASTWEB ,-45 FASTWEB-H6D6XP ,-67 INCENTIVE ,-70 DIRECT-47-HP DeskJet 3630 series ,-75 FASTWEB-DAC4BD ,-76 Vodafone-WiFi ,-81 Grillandia ,-83 TIM-67974780 ,-84 D-Link-EAAFB1 ,-86  ,-89

 WOW FI - FASTWEB ,-44 FASTWEB-fd6deP ,-45 FASTWEB-H6D6XP ,-68 INCENTIVE ,-71 DIRECT-47-HP DeskJet 3630 series ,-76 TIM-67974780 ,-78 FASTWEB-DAC4BD ,-80 D-Link-EAAFB1 ,-85 Grillandia ,-87 Vodafone-A52863616 ,-87 Vodafone-WiFi ,-88 ginger ,-90

 WOW FI - FASTWEB ,-43 FASTWEB-fd6deP ,-44 FASTWEB-H6D6XP ,-67 INCENTIVE ,-69 DIRECT-47-HP DeskJet 3630 series ,-75 Grillandia ,-79 FASTWEB-DAC4BD ,-80 TIM-67974780 ,-80 Vodafone-WiFi ,-83 Vodafone-A81207485 ,-87 FC_guest ,-87 D-Link-EAAFB1 ,-89 Vodafone-A85853855 ,-94

 FASTWEB-fd6deP ,-46 WOW FI - FASTWEB ,-46 FASTWEB-H6D6XP ,-68 INCENTIVE ,-70 DIRECT-47-HP DeskJet 3630 series ,-73 FASTWEB-DAC4BD ,-80 TIM-67974780 ,-81 Grillandia ,-81 Vodafone-WiFi ,-85 Vodafone-A52863616 ,-87 FC_guest ,-88 D-Link-EAAFB1 ,-90 VodafoneOSPITI_GELATERIA_GIANNI ,-95 Vodafone-A85853855 ,-96

 FASTWEB-fd6deP ,-45 WOW FI - FASTWEB ,-46 INCENTIVE ,-68 FASTWEB-H6D6XP ,-68 FASTWEB-DAC4BD ,-73 TIM-67974780 ,-73 Vodafone-WiFi ,-76 Vodafone-A44530233 ,-76 Grillandia ,-78 DIRECT-47-HP DeskJet 3630 series ,-81 FC_guest ,-84 TP-Link_3549 ,-85  ,-86 Vodafone-A81207485 ,-91 Foto Casadio ,-91

 WOW FI - FASTWEB ,-39 FASTWEB-fd6deP ,-40 INCENTIVE ,-71 Vodafone-A44530233 ,-71 Vodafone-WiFi ,-72 FASTWEB-DAC4BD ,-74 FASTWEB-H6D6XP ,-78 DIRECT-47-HP DeskJet 3630 series ,-83 TIM-67974780 ,-83 Grillandia ,-83  ,-87 DIRECT-BNM2070 Series ,-87 Hotel Palace ,-87 D-Link-EAAFB1 ,-88 ginger ,-91 FASTWEB-UQIEC5 ,-92 VodafoneOSPITI_GELATERIA_GIANNI ,-95

 WOW FI - FASTWEB ,-49 FASTWEB-fd6deP ,-51 FASTWEB-DAC4BD ,-71 FASTWEB-H6D6XP ,-71 INCENTIVE ,-75 Vodafone-A44530233 ,-75 DIRECT-47-HP DeskJet 3630 series ,-77 Grillandia ,-77 Vodafone-WiFi ,-79 TIM-67974780 ,-81  ,-83 Vodafone-A52863616 ,-84 D-Link-EAAFB1 ,-89 ginger ,-89 Vodafone-A81207485 ,-90 TP-Link_3549 ,-92

 FASTWEB-fd6deP ,-38 WOW FI - FASTWEB ,-39 Vodafone-WiFi ,-68 Vodafone-A44530233 ,-68 INCENTIVE ,-72 Grillandia ,-77 FASTWEB-DAC4BD ,-78 DIRECT-47-HP DeskJet 3630 series ,-80 FASTWEB-H6D6XP ,-80 Vodafone-A52863616 ,-80 TIM-67974780 ,-83  ,-87 DIRECT-B7-HP OfficeJet 5200 ,-88 D-Link-EAAFB1 ,-90 Vodafone-A85853855 ,-92 Hotel Palace ,-93
