[TIM_MF920V_97FE ,-59 WOW FI - FASTWEB ,-69 FASTWEB-fd6deP ,-70 Vodafone-WiFi ,-70 Vodafone-A52863616 ,-71 TIM-67974780 ,-72 INCENTIVE ,-74 D-Link-EAAFB1 ,-77 FASTWEB-fd6deP ,-79 TIM-67974780 ,-82 ginger ,-82  ,-83 DIRECT-47-HP DeskJet 3630 series ,-86 D-Link-EAAFB1 ,-88 Hotel Palace ,-89 Vodafone-WiFi ,-89 BO203AP76 ,-89 Hotel Palace ,-90]

[FASTWEB-fd6deP ,-52 WOW FI - FASTWEB ,-53 FASTWEB-fd6deP ,-69 INCENTIVE ,-69 TIM-67974780 ,-76 FASTWEB-H6D6XP ,-77 Vodafone-WiFi ,-78 WOW FI - FASTWEB ,-79 DIRECT-47-HP DeskJet 3630 series ,-80 FASTWEB-DAC4BD ,-80 WOW FI - FASTWEB ,-80 D-Link-EAAFB1 ,-81 Vodafone-A52863616 ,-83 TIM-67974780 ,-84  ,-84 FASTWEB-DAC4BD ,-85 ginger ,-86 FASTWEB-UQIEC5 ,-87 FASTWEB-H6D6XP ,-87 Vodafone-A81207485 ,-89 Vodafone-WiFi ,-89 BO203AP76 ,-90 WOW FI - FASTWEB ,-93 VodafoneOSPITI_GELATERIA_GIANNI ,-94 FASTWEB-E305E5 ,-95]

[WOW FI - FASTWEB ,-54 FASTWEB-fd6deP ,-55 FASTWEB-fd6deP ,-63 INCENTIVE ,-63 TIM_MF920V_97FE ,-70 TIM-67974780 ,-71 Vodafone-WiFi ,-72 D-Link-EAAFB1 ,-74 FASTWEB-H6D6XP ,-74 WOW FI - FASTWEB ,-74 DIRECT-47-HP DeskJet 3630 series ,-80 Vodafone-A52863616 ,-80 Grillandia ,-81 TIM-67974780 ,-82  ,-83 FASTWEB-UQIEC5 ,-84 ginger ,-86 FASTWEB-DAC4BD ,-86 FASTWEB-DAC4BD ,-88 WOW FI - FASTWEB ,-88 FASTWEB-H6D6XP ,-88 FASTWEB-E305E5 ,-89 Vodafone-A81207485 ,-89 Vodafone-WiFi ,-90 Vodafone-A85853855 ,-90 VodafoneOSPITI_GELATERIA_GIANNI ,-90 BO203AP76 ,-92 FASTWEB-UQIEC5 ,-92 Vodafone-A44530233 ,-92 Vodafone-WiFi ,-92 WOW FI - FASTWEB ,-94]

[FASTWEB-fd6deP ,-55 WOW FI - FASTWEB ,-55 FASTWEB-fd6deP ,-69 INCENTIVE ,-71 Vodafone-A52863616 ,-72 FASTWEB-H6D6XP ,-74 WOW FI - FASTWEB ,-75 Vodafone-WiFi ,-77 TIM-67974780 ,-79 DIRECT-47-HP DeskJet 3630 series ,-79 Vodafone-A81207485 ,-82 Vodafone-WiFi ,-82 D-Link-EAAFB1 ,-85 BO203AP76 ,-85 FASTWEB-DAC4BD ,-85 WOW FI - FASTWEB ,-85 Grillandia ,-86 FASTWEB-DAC4BD ,-87 TIM-67974780 ,-88 FASTWEB-H6D6XP ,-88 FASTWEB-NXERSM ,-88  ,-89 FASTWEB-UQIEC5 ,-89 Vodafone-WiFi ,-89 Vodafone-A85853855 ,-89 VodafoneOSPITI_GELATERIA_GIANNI ,-89 Vodafone-home_EXT ,-93 Vodafone-WiFi ,-94 TIM-18214383 ,-95]

[FASTWEB-fd6deP ,-57 WOW FI - FASTWEB ,-57 TIM_MF920V_97FE ,-67 FASTWEB-fd6deP ,-68 INCENTIVE ,-73 D-Link-EAAFB1 ,-74 ginger ,-75 WOW FI - FASTWEB ,-75 Vodafone-A52863616 ,-78 BO203AP76 ,-78 FASTWEB-H6D6XP ,-78 Grillandia ,-78 Vodafone-WiFi ,-80 FASTWEB-NXERSM ,-80 DIRECT-47-HP DeskJet 3630 series ,-81 WOW FI - FASTWEB ,-83 FASTWEB-DAC4BD ,-84 FASTWEB-UQIEC5 ,-85 FASTWEB-H6D6XP ,-85 Vodafone-A81207485 ,-85 FASTWEB-NXERSM ,-85 ColoriWiFi-2G ,-86 FASTWEB-DAC4BD ,-87  ,-87 TIM-67974780 ,-88 Vodafone-WiFi ,-88 WOW FI - FASTWEB ,-88  ,-89  ,-89 NETGEAR_EXT ,-89 D-Link-EAAFB1 ,-89 Vodafone-A85853855 ,-90 FASTWEB-1-BB0FC5 ,-90 FASTWEB-D609F3 ,-90 TIM-20476953 ,-91 VodafoneOSPITI_GELATERIA_GIANNI ,-92 FASTWEB-UQIEC5 ,-93 WOW FI - FASTWEB ,-94 Vodafone-WiFi ,-95]

[FASTWEB-fd6deP ,-57 WOW FI - FASTWEB ,-58 INCENTIVE ,-71 FASTWEB-fd6deP ,-72 D-Link-EAAFB1 ,-76 ginger ,-77 Vodafone-WiFi ,-79 WOW FI - FASTWEB ,-81 Vodafone-A52863616 ,-82 FASTWEB-H6D6XP ,-82 BO203AP76 ,-83 Vodafone-A81207485 ,-83 Vodafone-WiFi ,-83 TIM-67974780 ,-84 18Tickets ,-84  ,-85 WOW FI - FASTWEB ,-85 FASTWEB-DAC4BD ,-85 Linkem_9329ED ,-85 Vodafonebolognapartments ,-85 FASTWEB-UQIEC5 ,-86  ,-86 VodafoneOSPITI_GELATERIA_GIANNI ,-87 FASTWEB-NXERSM ,-87 FASTWEB-1-BB0FC5 ,-88 Grillandia ,-90 Vodafone-WiFi ,-91 WOW FI - FASTWEB ,-92 FASTWEB-1-BB0FC5 ,-92 Vodafone-A44530233 ,-93 FASTWEB-UQIEC5 ,-95]

[FASTWEB-fd6deP ,-57 WOW FI - FASTWEB ,-57 FASTWEB-fd6deP ,-63 FASTWEB-UQIEC5 ,-71 VodafoneOSPITI_GELATERIA_GIANNI ,-72 WOW FI - FASTWEB ,-73 D-Link-EAAFB1 ,-78 Vodafone-WiFi ,-80 Vodafone-home_EXT ,-80 Vodafone-A85853855 ,-80 TIM-67974780 ,-81 Vodafone-A81207485 ,-81 Vodafone-WiFi ,-82 Vodafone-A52863616 ,-82 BO203AP76 ,-82 FASTWEB-H6D6XP ,-83 FASTWEB-NXERSM ,-83 Linkem_9329ED ,-83 Hotel Palace ,-83 TIM-67974780 ,-84  ,-84 WOW FI - FASTWEB ,-84 FASTWEB-UQIEC5 ,-84 coopalleanza ,-84 ginger ,-85 WOW FI - FASTWEB ,-85 DIRECT-47-HP DeskJet 3630 series ,-86 FASTWEB-DAC4BD ,-88 FASTWEB-H6D6XP ,-88 FASTWEB-DAC4BD ,-88 Vodafone-A85853855 ,-88 Vodafone-A81207485 ,-88 Vodafone-WiFi ,-88 VodafoneOSPITI_GELATERIA_GIANNI ,-89 WOW FI - FASTWEB ,-90 TIM-18364953 ,-91 Home&Life SuperWiFi-43FD ,-91 FASTWEB-1-BB0FC5 ,-93 Wind3HUB296680 ,-93 Vodafone-A45165500 ,-94 WOW FI - FASTWEB ,-95]

[WOW FI - FASTWEB ,-55 FASTWEB-fd6deP ,-56 TIM_MF920V_97FE ,-64 FASTWEB-fd6deP ,-70 Vodafone-34660290 ,-72 Vodafone-WiFi ,-74 Vodafone-A52863616 ,-74 Linkem_9329ED ,-75 INCENTIVE ,-77 VodafoneOSPITI_GELATERIA_GIANNI ,-79 Vodafone-A85853855 ,-80 TIM-67974780 ,-81 FASTWEB-UQIEC5 ,-83 Vodafone-A81207485 ,-83 FASTWEB-NXERSM ,-83 TIM-67974780 ,-84 Grillandia ,-84  ,-85 BO203AP76 ,-85 Vodafone-WiFi ,-85 D-Link-EAAFB1 ,-87 VodafoneOSPITI_GELATERIA_GIANNI ,-87 ginger ,-88 Vodafone-A85853855 ,-88 Vodafone-WiFi ,-88 TIM-18364953 ,-88 FASTWEB-DAC4BD ,-89 WOW FI - FASTWEB ,-89 Vodafone-A38456653 ,-89 18Tickets ,-90 Vodafone-home_EXT ,-91 Vodafonebolognapartments ,-91 WOW FI - FASTWEB ,-92 Hotel Palace ,-92]

[FASTWEB-fd6deP ,-53 WOW FI - FASTWEB ,-55 FASTWEB-fd6deP ,-68 Vodafone-A52863616 ,-74 INCENTIVE ,-75 Vodafone-WiFi ,-80 BO203AP76 ,-84 Grillandia ,-84 TIM-67974780 ,-85 D-Link-EAAFB1 ,-85 WOW FI - FASTWEB ,-86 FASTWEB-H6D6XP ,-86  ,-87 FASTWEB-DAC4BD ,-87 WOW FI - FASTWEB ,-87 Vodafone-WiFi ,-87 DIRECT-47-HP DeskJet 3630 series ,-88 ginger ,-88 FASTWEB-H6D6XP ,-88 Vodafone-A81207485 ,-88 FASTWEB-DAC4BD ,-88 FASTWEB-NXERSM ,-88 Vodafone-A81207485 ,-88 TIM-67974780 ,-89 VodafoneOSPITI_GELATERIA_GIANNI ,-89 FASTWEB-UQIEC5 ,-92]

[WOW FI - FASTWEB ,-55 FASTWEB-fd6deP ,-60 FASTWEB-fd6deP ,-64 INCENTIVE ,-67 TIM_MF920V_97FE ,-73 Vodafone-WiFi ,-78 DIRECT-47-HP DeskJet 3630 series ,-80 Vodafone-A52863616 ,-80 FASTWEB-DAC4BD ,-80 WOW FI - FASTWEB ,-80 D-Link-EAAFB1 ,-82 Vodafone-WiFi ,-84 TIM-67974780 ,-85 Vodafone-A81207485 ,-85 TIM-67974780 ,-86  ,-86 BO203AP76 ,-86 Grillandia ,-86 FASTWEB-H6D6XP ,-87 FASTWEB-DAC4BD ,-87 VodafoneOSPITI_GELATERIA_GIANNI ,-87 FASTWEB-H6D6XP ,-88 WOW FI - FASTWEB ,-88 Vodafone-A85853855 ,-89  ,-89 FASTWEB-UQIEC5 ,-92 D-Link-EAAFB1 ,-92 Vodafone-A44530233 ,-93 Vodafone-WiFi ,-96]

[FASTWEB-fd6deP ,-59 WOW FI - FASTWEB ,-60 FASTWEB-fd6deP ,-66 INCENTIVE ,-68 Vodafone-A52863616 ,-76 Vodafone-WiFi ,-78 FASTWEB-H6D6XP ,-80 WOW FI - FASTWEB ,-81 DIRECT-47-HP DeskJet 3630 series ,-84 D-Link-EAAFB1 ,-84 Vodafone-WiFi ,-84 TIM-67974780 ,-85 Vodafone-A81207485 ,-85 ginger ,-87 FASTWEB-DAC4BD ,-87 FASTWEB-H6D6XP ,-88 TIM-67974780 ,-89  ,-89 WOW FI - FASTWEB ,-89 Hotel Palace ,-89 FASTWEB-DAC4BD ,-90 BO203AP76 ,-91 ColoriWiFi-2G ,-91 Vodafone-WiFi ,-92 Vodafone-A44530233 ,-93]

[FASTWEB-fd6deP ,-57 WOW FI - FASTWEB ,-57 INCENTIVE ,-70 TIM_MF920V_97FE ,-70 FASTWEB-fd6deP ,-71 TIM-67974780 ,-76 Vodafone-WiFi ,-80 TIM-67974780 ,-80  ,-80 FASTWEB-H6D6XP ,-81 WOW FI - FASTWEB ,-82 D-Link-EAAFB1 ,-84 WOW FI - FASTWEB ,-84 Vodafone-A81207485 ,-84 Vodafone-WiFi ,-84 Grillandia ,-85 DIRECT-47-HP DeskJet 3630 series ,-86 FASTWEB-DAC4BD ,-86 FASTWEB-DAC4BD ,-86 ginger ,-87 TIM-18364953 ,-89 FASTWEB-UQIEC5 ,-91 TIM-20476953 ,-92 FASTWEB-E305E5 ,-93 WOW FI - FASTWEB ,-94]

[WOW FI - FASTWEB ,-55 FASTWEB-fd6deP ,-56 INCENTIVE ,-60 FASTWEB-fd6deP ,-68 Vodafone-WiFi ,-77 DIRECT-47-HP DeskJet 3630 series ,-80 Vodafone-A52863616 ,-80 FASTWEB-DAC4BD ,-81 WOW FI - FASTWEB ,-81 ginger ,-82 FASTWEB-DAC4BD ,-83 D-Link-EAAFB1 ,-84  ,-85 TIM-67974780 ,-86 Vodafone-A81207485 ,-87 FASTWEB-NXERSM ,-87 Vodafone-A52863616 ,-87 Vodafone-WiFi ,-87  ,-88 FASTWEB-H6D6XP ,-89 Vodafone-WiFi ,-89 Grillandia ,-90 TIM-20476953 ,-90 FASTWEB-UQIEC5 ,-92]

[FASTWEB-fd6deP ,-52 WOW FI - FASTWEB ,-53 FASTWEB-fd6deP ,-59 INCENTIVE ,-63 TIM-67974780 ,-67 Vodafone-A52863616 ,-70 Vodafone-WiFi ,-72 FASTWEB-H6D6XP ,-76 WOW FI - FASTWEB ,-76 FASTWEB-H6D6XP ,-77 D-Link-EAAFB1 ,-81 FASTWEB-DAC4BD ,-81 WOW FI - FASTWEB ,-81 Grillandia ,-81 DIRECT-47-HP DeskJet 3630 series ,-84 TIM-67974780 ,-84  ,-85 FASTWEB-DAC4BD ,-85 Vodafone-A81207485 ,-86 ginger ,-87 Vodafone-WiFi ,-87 FASTWEB-UQIEC5 ,-92 Vodafone-A44530233 ,-94 Vodafone-WiFi ,-95]

[FASTWEB-fd6deP ,-53 WOW FI - FASTWEB ,-54 FASTWEB-fd6deP ,-56 INCENTIVE ,-63 Vodafone-A52863616 ,-73 D-Link-EAAFB1 ,-75 Vodafone-WiFi ,-75 WOW FI - FASTWEB ,-78 FASTWEB-H6D6XP ,-79 DIRECT-47-HP DeskJet 3630 series ,-80 FASTWEB-DAC4BD ,-80 WOW FI - FASTWEB ,-80 Vodafone-A81207485 ,-80 Vodafone-WiFi ,-82 TIM-67974780 ,-83  ,-84 Grillandia ,-84 FASTWEB-H6D6XP ,-86  ,-87 Vodafone-A44530233 ,-88 Vodafone-35245722 ,-88 FASTWEB-UQIEC5 ,-89 FASTWEB-NXERSM ,-89 ginger ,-90 TIM-18364953 ,-90 Telecom-15576155 ,-91 Vodafone-WiFi ,-92]

[FASTWEB-fd6deP ,-50 FASTWEB-fd6deP ,-56 WOW FI - FASTWEB ,-58 TIM_MF920V_97FE ,-68 INCENTIVE ,-70 Vodafone-A52863616 ,-73 Vodafone-WiFi ,-75 FASTWEB-DAC4BD ,-78 WOW FI - FASTWEB ,-78 WOW FI - FASTWEB ,-79 DIRECT-47-HP DeskJet 3630 series ,-80 Vodafone-WiFi ,-80 FASTWEB-H6D6XP ,-81 Vodafone-A81207485 ,-82 FASTWEB-DAC4BD ,-82 D-Link-EAAFB1 ,-83 Vodafone-A44530233 ,-84 TIM-67974780 ,-86 FASTWEB-H6D6XP ,-86  ,-87 ginger ,-87 Grillandia ,-88 FASTWEB-NXERSM ,-89 FASTWEB-UQIEC5 ,-90 Vodafone-WiFi ,-90 FASTWEB-E305E5 ,-92 WOW FI - FASTWEB ,-93]

[FASTWEB-fd6deP ,-51 WOW FI - FASTWEB ,-51 FASTWEB-fd6deP ,-67 INCENTIVE ,-69 TIM_MF920V_97FE ,-70 FASTWEB-H6D6XP ,-72 WOW FI - FASTWEB ,-72 DIRECT-47-HP DeskJet 3630 series ,-77 D-Link-EAAFB1 ,-77 Vodafone-A81207485 ,-79 WOW FI - FASTWEB ,-82 FASTWEB-DAC4BD ,-83 Vodafone-WiFi ,-83 Grillandia ,-83 TIM-67974780 ,-84 FASTWEB-UQIEC5 ,-85 TIM-67974780 ,-86 BO203AP76 ,-86 FASTWEB-NXERSM ,-86  ,-86  ,-87 FASTWEB-DAC4BD ,-87 FASTWEB-NXERSM ,-88 FASTWEB-UQIEC5 ,-91 ginger ,-94]

[WOW FI - FASTWEB ,-57 FASTWEB-fd6deP ,-59 INCENTIVE ,-67 FASTWEB-fd6deP ,-69 TIM-67974780 ,-70 D-Link-EAAFB1 ,-72 TIM_MF920V_97FE ,-73 DIRECT-47-HP DeskJet 3630 series ,-79 WOW FI - FASTWEB ,-80 Vodafone-WiFi ,-83 FASTWEB-H6D6XP ,-83 Vodafone-A52863616 ,-84 TIM-67974780 ,-85 FASTWEB-DAC4BD ,-85  ,-86 FASTWEB-UQIEC5 ,-86 WOW FI - FASTWEB ,-87 FASTWEB-DAC4BD ,-87 Grillandia ,-87 FASTWEB-NXERSM ,-87 Vodafone-WiFi ,-89 Vodafone-A81207485 ,-90 FASTWEB-1-BB0FC5 ,-91]

[FASTWEB-fd6deP ,-50 WOW FI - FASTWEB ,-50 FASTWEB-fd6deP ,-60 INCENTIVE ,-61 TIM_MF920V_97FE ,-72 TIM-67974780 ,-74 Vodafone-A52863616 ,-75 FASTWEB-DAC4BD ,-75 Vodafone-WiFi ,-76 WOW FI - FASTWEB ,-76 DIRECT-47-HP DeskJet 3630 series ,-78 D-Link-EAAFB1 ,-81 Vodafone-A81207485 ,-81 FASTWEB-H6D6XP ,-82 Vodafone-WiFi ,-82 ginger ,-84 WOW FI - FASTWEB ,-85  ,-86 FASTWEB-DAC4BD ,-88 Vodafone-WiFi ,-90 TIGI CONCEPT SALON ,-92 TIM-20476953 ,-93]

[FASTWEB-fd6deP ,-56 WOW FI - FASTWEB ,-57 FASTWEB-fd6deP ,-65 TIM_MF920V_97FE ,-65 TIM-67974780 ,-66 INCENTIVE ,-72 Hotel Palace ,-75 Vodafone-A52863616 ,-79 WOW FI - FASTWEB ,-79 Vodafone-WiFi ,-81 ginger ,-81 FASTWEB-DAC4BD ,-81 FASTWEB-H6D6XP ,-81 FASTWEB-UQIEC5 ,-82 D-Link-EAAFB1 ,-83 Vodafone-WiFi ,-84 BO203AP76 ,-85 Vodafone-A81207485 ,-85 Wind3HUB296680 ,-85  ,-87 TIM-20476953 ,-87 Linkem_9329ED ,-87 FASTWEB-NXERSM ,-88 TIGI CONCEPT SALON ,-88 TIM-18364953 ,-89 ColoriWiFi-2G ,-89 Vodafone-A38456653 ,-90 DIRECT-47-HP DeskJet 3630 series ,-91]

[WOW FI - FASTWEB ,-62 FASTWEB-fd6deP ,-63 D-Link-EAAFB1 ,-69 TIM_MF920V_97FE ,-71 FASTWEB-fd6deP ,-72 Vodafone-WiFi ,-76 Vodafone-A52863616 ,-76 INCENTIVE ,-78 WOW FI - FASTWEB ,-78 FASTWEB-H6D6XP ,-79 DIRECT-47-HP DeskJet 3630 series ,-80 Vodafone-A45165500 ,-80 VodafoneOSPITI_GELATERIA_GIANNI ,-80 TIM-67974780 ,-84 Vodafone-A81207485 ,-84 Vodafone-WiFi ,-84 WOW FI - FASTWEB ,-85 FASTWEB-UQIEC5 ,-85 FASTWEB-DAC4BD ,-86 Wind3HUB296680 ,-86 FASTWEB-NXERSM ,-87  ,-89 Grillandia ,-91 Hotel Palace ,-92 Vodafone-WiFi ,-92 FASTWEB-E305E5 ,-94 WOW FI - FASTWEB ,-95 WOW FI - FASTWEB ,-95]
